customer_key,country,invoice_count,lifetime_value,last_order_ts,distinct_products_purchased
12583.0,France,15,7281.379999999997,2011-12-07 08:07:00,115
13748.0,United Kingdom,5,948.2499999999998,2011-09-05 09:45:00,24
17809.0,United Kingdom,12,5411.91,2011-11-23 12:59:00,46
15311.0,United Kingdom,91,60767.90000000014,2011-12-09 12:00:00,567
16098.0,United Kingdom,7,2005.6300000000003,2011-09-13 09:59:00,34
17420.0,United Kingdom,3,598.8300000000002,2011-10-20 14:52:00,28
16029.0,United Kingdom,63,81024.84,2011-11-01 10:27:00,44
16250.0,United Kingdom,2,389.44000000000005,2011-03-23 15:07:00,22
13705.0,United Kingdom,3,711.8599999999999,2011-12-02 12:32:00,25
13747.0,United Kingdom,1,79.6,2010-12-01 10:37:00,1
13408.0,United Kingdom,62,28117.03999999998,2011-12-08 09:05:00,234
17924.0,United Kingdom,7,2962.5,2011-11-28 09:11:00,26
13448.0,United Kingdom,6,3539.37,2011-11-23 12:33:00,137
15513.0,United Kingdom,19,14758.220000000001,2011-11-06 14:36:00,183
12791.0,Netherlands,1,192.60000000000002,2010-12-01 11:27:00,2
14307.0,United Kingdom,6,2995.7200000000003,2011-09-12 09:38:00,150
17908.0,United Kingdom,1,243.27999999999992,2010-12-01 11:45:00,51
17920.0,United Kingdom,17,4204.0999999999985,2011-12-05 14:29:00,407
13255.0,United Kingdom,2,399.51000000000005,2011-11-30 13:14:00,13
16583.0,United Kingdom,1,233.45000000000002,2010-12-01 12:03:00,14
18085.0,United Kingdom,2,689.9500000000004,2011-01-13 15:17:00,25
13758.0,United Kingdom,7,3190.55,2011-11-28 11:11:00,104
13694.0,United Kingdom,50,65039.62000000002,2011-12-06 09:32:00,366
14849.0,United Kingdom,25,7930.540000000001,2011-11-18 10:58:00,159
17968.0,United Kingdom,1,277.3499999999999,2010-12-01 12:23:00,74
17897.0,United Kingdom,3,566.5999999999997,2011-06-20 11:23:00,100
17572.0,United Kingdom,4,226.75000000000006,2011-09-29 17:53:00,7
14078.0,United Kingdom,6,1049.3700000000001,2011-08-30 12:16:00,46
14001.0,United Kingdom,3,2043.08,2011-10-25 10:31:00,34
12662.0,Germany,11,3849.7799999999997,2011-12-09 11:59:00,129
15525.0,United Kingdom,3,825.9199999999994,2011-12-07 14:43:00,133
14237.0,United Kingdom,1,161.0,2010-12-01 13:20:00,9
17905.0,United Kingdom,4,800.2400000000001,2011-09-29 17:33:00,33
15485.0,United Kingdom,3,2575.0,2011-11-09 14:31:00,59
12433.0,Norway,7,13375.869999999995,2011-12-09 10:02:00,219
16955.0,United Kingdom,4,518.6700000000001,2011-06-08 10:36:00,18
15350.0,United Kingdom,1,115.65,2010-12-01 13:33:00,5
18144.0,United Kingdom,12,2888.7500000000005,2011-12-02 12:46:00,27
14594.0,United Kingdom,2,379.83,2011-12-02 13:28:00,48
12921.0,United Kingdom,37,16587.090000000004,2011-11-30 16:22:00,233
16048.0,United Kingdom,2,256.44000000000005,2010-12-01 15:28:00,8
14496.0,United Kingdom,2,538.8100000000001,2011-02-01 09:01:00,16
14696.0,United Kingdom,7,2078.9500000000003,2011-12-05 13:43:00,117
16539.0,United Kingdom,4,1388.81,2011-12-07 08:41:00,36
17025.0,United Kingdom,3,357.77,2011-10-10 09:06:00,8
12947.0,United Kingdom,6,1603.9900000000005,2011-07-19 10:06:00,83
17460.0,United Kingdom,6,622.43,2011-09-06 15:04:00,18
17069.0,United Kingdom,9,2709.7,2011-11-11 17:13:00,111
14606.0,United Kingdom,93,12156.65000000002,2011-12-08 19:28:00,819
13090.0,United Kingdom,14,8910.820000000002,2011-12-01 12:39:00,98
14741.0,United Kingdom,6,1400.3399999999997,2011-11-28 08:48:00,35
13715.0,United Kingdom,5,1079.34,2011-03-03 19:21:00,89
12855.0,United Kingdom,1,38.1,2010-12-02 09:37:00,3
13941.0,United Kingdom,5,5112.960000000001,2011-11-18 09:43:00,24
17017.0,United Kingdom,20,8694.260000000002,2011-12-07 09:32:00,88
14135.0,United Kingdom,15,4690.310000000001,2011-12-08 11:38:00,95
13418.0,United Kingdom,18,6127.4299999999985,2011-11-28 10:23:00,223
15658.0,United Kingdom,5,1024.0999999999997,2011-06-02 15:22:00,40
18041.0,United Kingdom,21,4183.389999999996,2011-11-28 11:39:00,285
15955.0,United Kingdom,14,4416.259999999999,2011-11-15 14:15:00,137
15070.0,United Kingdom,1,106.2,2010-12-02 11:23:00,1
14390.0,United Kingdom,9,4652.8200000000015,2011-11-29 13:49:00,135
15260.0,United Kingdom,7,1810.77,2011-08-31 13:55:00,62
13305.0,United Kingdom,10,2000.8599999999997,2011-12-05 15:15:00,50
14491.0,United Kingdom,2,340.93,2011-06-17 15:22:00,17
15923.0,United Kingdom,1,127.08,2010-12-02 12:16:00,21
17287.0,United Kingdom,7,1064.1100000000004,2011-11-13 13:27:00,88
12915.0,United Kingdom,2,363.6499999999999,2011-07-14 11:34:00,19
14180.0,United Kingdom,25,4748.519999999998,2011-11-29 10:56:00,112
14466.0,United Kingdom,7,2272.400000000001,2011-11-10 14:07:00,35
17235.0,United Kingdom,2,550.06,2011-11-14 15:51:00,24
15107.0,United Kingdom,6,319.50000000000006,2011-02-01 14:46:00,12
17976.0,United Kingdom,1,353.1899999999998,2010-12-02 13:49:00,56
14449.0,United Kingdom,4,907.0999999999992,2011-11-21 12:06:00,201
15732.0,United Kingdom,2,294.12000000000006,2011-05-11 14:24:00,13
13138.0,United Kingdom,6,962.3900000000001,2011-11-17 16:51:00,31
17567.0,United Kingdom,8,4331.480000000001,2011-12-02 15:48:00,110
16770.0,United Kingdom,5,770.1000000000005,2011-10-13 12:21:00,116
17228.0,United Kingdom,8,1906.0899999999997,2011-11-24 10:24:00,140
17412.0,United Kingdom,7,1258.06,2011-12-07 11:36:00,48
14031.0,United Kingdom,19,17286.859999999993,2011-12-02 17:13:00,119
14775.0,United Kingdom,3,1011.8999999999999,2011-10-12 15:27:00,57
12971.0,United Kingdom,86,11189.909999999994,2011-12-06 12:20:00,94
17659.0,United Kingdom,12,2999.46,2011-11-22 13:29:00,127
13011.0,United Kingdom,1,50.550000000000004,2010-12-02 17:22:00,3
13798.0,United Kingdom,57,37153.849999999984,2011-12-08 15:51:00,113
16754.0,United Kingdom,1,2002.4,2010-12-02 17:38:00,2
16634.0,United Kingdom,2,217.9,2011-05-01 12:09:00,9
18239.0,United Kingdom,5,1561.6099999999997,2011-05-05 12:38:00,80
18168.0,United Kingdom,6,1169.9400000000005,2011-06-16 19:21:00,97
15093.0,United Kingdom,6,4597.019999999999,2011-11-21 13:09:00,52
12738.0,Germany,1,155.35,2010-12-02 18:27:00,11
14236.0,United Kingdom,2,490.85999999999996,2011-09-20 09:13:00,15
17961.0,United Kingdom,39,1296.4400000000012,2011-11-18 16:55:00,211
14573.0,United Kingdom,9,1653.4200000000017,2011-06-13 11:15:00,127
17135.0,United Kingdom,7,1139.73,2011-11-23 16:48:00,34
17396.0,United Kingdom,8,7330.8,2011-10-31 14:12:00,24
16883.0,United Kingdom,2,276.72999999999996,2011-06-05 12:51:00,33
13520.0,Switzerland,6,3624.3499999999995,2011-10-12 10:20:00,49
12427.0,Germany,3,825.8,2011-11-18 08:56:00,26
17967.0,United Kingdom,1,123.07,2010-12-03 11:19:00,41
14589.0,United Kingdom,1,39.75,2010-12-03 11:42:00,3
14156.0,EIRE,55,117379.62999999983,2011-11-30 10:54:00,714
14680.0,United Kingdom,16,28754.109999999997,2011-11-14 16:59:00,73
16477.0,United Kingdom,7,2494.459999999999,2011-10-07 09:44:00,111
12600.0,Germany,10,2599.04,2011-11-11 10:29:00,32
17949.0,United Kingdom,45,58510.48000000001,2011-12-08 18:46:00,29
12779.0,Poland,8,3981.3600000000024,2011-11-02 11:43:00,88
17787.0,United Kingdom,4,1865.1899999999994,2011-07-10 11:24:00,94
14723.0,United Kingdom,6,1158.2999999999993,2011-11-29 15:23:00,193
17954.0,United Kingdom,12,2332.7200000000034,2011-12-04 14:15:00,326
17198.0,United Kingdom,3,692.22,2011-11-16 10:39:00,89
12793.0,Portugal,2,545.48,2011-01-09 12:12:00,21
14898.0,United Kingdom,6,1303.5199999999998,2011-11-16 14:54:00,86
12725.0,Italy,1,427.80000000000007,2010-12-03 15:45:00,24
16725.0,United Kingdom,7,781.0200000000003,2011-02-10 16:52:00,110
12395.0,Belgium,12,3018.6299999999997,2011-11-20 15:21:00,91
13081.0,United Kingdom,11,28337.380000000026,2011-11-28 10:54:00,503
15545.0,United Kingdom,2,292.72,2011-10-16 13:24:00,78
18055.0,United Kingdom,10,6784.189999999995,2011-12-02 14:25:00,223
15038.0,United Kingdom,6,705.4899999999997,2011-10-12 11:33:00,105
18109.0,United Kingdom,26,8052.970000000003,2011-12-08 11:36:00,119
15708.0,United Kingdom,7,3364.24,2011-10-30 10:54:00,124
16839.0,United Kingdom,34,16594.349999999988,2011-12-01 09:03:00,114
15351.0,United Kingdom,7,1960.1099999999997,2011-11-27 12:52:00,157
14813.0,United Kingdom,2,155.42999999999998,2010-12-05 11:57:00,25
16353.0,United Kingdom,23,6675.709999999999,2011-12-06 12:23:00,51
17796.0,United Kingdom,4,697.9,2011-10-30 15:38:00,63
17059.0,United Kingdom,5,3095.040000000003,2011-11-10 12:27:00,292
15570.0,United Kingdom,12,4165.520000000002,2011-12-02 14:47:00,231
16718.0,United Kingdom,1,623.7500000000001,2010-12-05 13:03:00,41
15808.0,United Kingdom,4,3734.970000000001,2011-02-06 14:33:00,142
17858.0,United Kingdom,12,5155.660000000002,2011-12-04 11:56:00,101
16393.0,United Kingdom,13,3046.21,2011-12-07 12:51:00,120
14527.0,United Kingdom,55,8508.81999999998,2011-12-07 12:19:00,330
14161.0,United Kingdom,3,1110.52,2011-05-08 11:41:00,87
17863.0,United Kingdom,6,3159.999999999999,2011-10-11 13:45:00,110
16411.0,United Kingdom,2,214.65000000000003,2011-11-20 13:23:00,41
16402.0,United Kingdom,2,299.59999999999997,2011-03-20 12:25:00,55
15426.0,United Kingdom,5,1447.3899999999999,2011-11-20 15:36:00,217
15894.0,United Kingdom,2,263.55,2011-03-31 13:50:00,35
12472.0,Germany,7,6572.110000000003,2011-11-07 14:01:00,219
15555.0,United Kingdom,16,4805.169999999992,2011-11-27 16:19:00,401
13034.0,United Kingdom,2,642.77,2011-10-16 12:21:00,37
16143.0,United Kingdom,6,2424.9399999999996,2011-12-06 14:13:00,75
16422.0,United Kingdom,51,34684.400000000016,2011-11-22 14:00:00,68
12763.0,Japan,2,494.08000000000004,2011-07-24 14:12:00,16
14404.0,United Kingdom,6,1474.3200000000004,2011-11-06 12:30:00,70
13579.0,United Kingdom,2,467.03999999999996,2011-11-25 08:41:00,19
13174.0,United Kingdom,3,2817.030000000002,2011-11-23 14:35:00,228
15987.0,United Kingdom,7,1451.28,2011-11-27 15:38:00,110
13652.0,United Kingdom,3,1095.08,2011-10-25 08:51:00,48
17428.0,United Kingdom,28,17256.850000000002,2011-12-09 09:45:00,252
14748.0,United Kingdom,5,1415.75,2011-11-10 18:33:00,87
12808.0,Portugal,3,483.65000000000003,2011-11-03 10:05:00,27
13094.0,United Kingdom,12,1927.3200000000004,2011-11-18 14:07:00,4
12708.0,Germany,10,2712.9100000000003,2011-11-10 09:52:00,86
15898.0,United Kingdom,5,1388.8799999999999,2011-12-08 15:23:00,70
15919.0,United Kingdom,2,639.8899999999996,2011-11-20 11:28:00,103
14189.0,United Kingdom,15,4654.079999999999,2011-12-07 15:55:00,176
15304.0,United Kingdom,8,694.4000000000001,2011-10-10 10:23:00,8
15048.0,United Kingdom,4,384.04999999999984,2011-10-05 14:55:00,86
14708.0,United Kingdom,3,1126.3700000000001,2011-12-07 08:21:00,25
16898.0,United Kingdom,3,508.8100000000002,2011-11-13 15:44:00,150
18113.0,United Kingdom,1,76.32000000000001,2010-12-06 12:31:00,1
15078.0,United Kingdom,32,9743.110000000015,2011-12-02 15:41:00,97
17860.0,United Kingdom,1,252.79999999999998,2010-12-06 12:41:00,49
15028.0,United Kingdom,4,627.1299999999999,2011-12-01 14:06:00,35
16919.0,United Kingdom,11,2596.4499999999994,2011-07-06 13:35:00,141
14667.0,United Kingdom,25,9241.200000000003,2011-11-29 11:30:00,354
14487.0,United Kingdom,6,1196.3300000000004,2011-11-13 12:17:00,112
16658.0,United Kingdom,1,123.24,2010-12-06 13:47:00,8
16550.0,United Kingdom,5,2298.9699999999975,2011-08-23 11:12:00,162
17068.0,United Kingdom,21,4552.140000000003,2011-11-27 13:14:00,116
17223.0,United Kingdom,2,426.78999999999985,2011-02-02 15:57:00,43
16817.0,United Kingdom,9,1604.7500000000007,2011-12-07 11:03:00,73
17191.0,United Kingdom,7,2095.1300000000006,2011-11-11 16:58:00,163
15194.0,United Kingdom,15,7616.53,2011-12-06 15:10:00,209
14409.0,United Kingdom,6,2059.45,2011-09-29 18:18:00,40
16654.0,United Kingdom,4,601.2699999999999,2011-07-21 15:23:00,29
17218.0,United Kingdom,10,1960.7199999999991,2011-12-05 13:52:00,146
17812.0,United Kingdom,4,732.1599999999996,2011-11-27 11:47:00,113
14215.0,United Kingdom,6,1789.7200000000007,2011-11-28 12:19:00,98
15602.0,United Kingdom,9,1297.87,2011-12-01 14:14:00,30
12913.0,United Kingdom,5,2483.6299999999997,2011-12-05 12:11:00,37
17450.0,United Kingdom,46,194550.79,2011-12-01 13:29:00,124
17091.0,United Kingdom,9,3827.76,2011-12-07 10:43:00,119
15649.0,United Kingdom,2,816.0,2011-01-07 13:34:00,1
12681.0,France,22,13787.539999999999,2011-11-25 11:33:00,267
14907.0,United Kingdom,7,3501.0999999999995,2011-12-06 14:14:00,125
17735.0,United Kingdom,19,13110.019999999993,2011-12-07 16:47:00,319
16059.0,United Kingdom,6,1459.8600000000001,2011-10-05 09:56:00,126
17720.0,United Kingdom,4,1195.94,2011-11-13 15:04:00,39
15018.0,United Kingdom,3,496.21000000000004,2011-11-01 12:47:00,30
15838.0,United Kingdom,19,33643.08,2011-11-28 14:00:00,54
13756.0,United Kingdom,14,5189.519999999999,2011-12-07 16:44:00,66
14176.0,United Kingdom,4,576.8999999999999,2011-02-15 13:12:00,28
15353.0,United Kingdom,2,777.0200000000001,2011-03-30 12:15:00,59
17491.0,United Kingdom,10,3558.869999999999,2011-12-08 16:18:00,72
13569.0,United Kingdom,2,373.74999999999994,2011-11-22 13:07:00,73
14673.0,United Kingdom,5,1736.3999999999999,2011-12-06 14:31:00,39
16221.0,United Kingdom,3,864.8599999999997,2011-11-03 11:43:00,90
15965.0,United Kingdom,4,845.6400000000001,2011-11-22 16:44:00,88
15024.0,United Kingdom,10,1661.33,2011-11-30 12:06:00,105
16904.0,United Kingdom,16,3754.2699999999995,2011-12-05 13:10:00,387
16086.0,United Kingdom,5,1121.3899999999999,2011-10-11 13:09:00,24
13786.0,United Kingdom,1,230.4,2010-12-07 13:53:00,7
13173.0,United Kingdom,2,353.65,2011-12-05 15:51:00,41
12347.0,Iceland,7,4310.000000000001,2011-12-07 15:52:00,103
16775.0,United Kingdom,11,1695.6600000000012,2011-11-29 15:22:00,84
16950.0,United Kingdom,3,1178.56,2011-10-14 09:06:00,39
17591.0,United Kingdom,7,2225.9700000000003,2011-09-27 13:42:00,81
12839.0,United Kingdom,14,5591.420000000002,2011-12-07 12:33:00,95
16125.0,United Kingdom,1,289.35,2010-12-07 15:48:00,13
18102.0,United Kingdom,60,259657.29999999993,2011-12-09 11:50:00,150
16365.0,United Kingdom,9,1540.4200000000005,2011-11-22 11:24:00,45
14821.0,United Kingdom,1,48.800000000000004,2010-12-08 08:43:00,2
13078.0,United Kingdom,26,12627.940000000002,2011-12-06 15:36:00,95
13267.0,United Kingdom,19,4521.490000000002,2011-12-07 11:12:00,88
13050.0,United Kingdom,17,5836.859999999999,2011-11-25 09:18:00,246
15628.0,United Kingdom,9,2870.2400000000007,2011-12-05 10:24:00,85
12386.0,Australia,2,401.9,2011-01-06 12:37:00,10
16779.0,United Kingdom,22,10629.719999999998,2011-12-07 14:54:00,161
13599.0,United Kingdom,21,5153.67,2011-12-08 16:10:00,171
13329.0,United Kingdom,2,788.9999999999999,2011-11-08 10:29:00,16
14744.0,United Kingdom,7,1099.98,2011-11-23 12:51:00,21
17406.0,United Kingdom,3,2200.42,2011-01-10 15:07:00,99
15750.0,United Kingdom,8,2465.4799999999987,2011-12-07 12:34:00,214
13842.0,United Kingdom,9,3385.62,2011-10-12 10:51:00,155
14796.0,United Kingdom,17,8022.489999999984,2011-12-08 15:31:00,403
14032.0,United Kingdom,11,2975.5900000000006,2011-12-07 15:23:00,53
17706.0,United Kingdom,17,10504.489999999994,2011-12-05 13:34:00,270
17975.0,United Kingdom,13,4488.810000000003,2011-11-24 13:27:00,189
16558.0,United Kingdom,20,8338.490000000009,2011-12-09 10:20:00,264
15021.0,United Kingdom,9,1914.8199999999988,2011-12-01 11:53:00,287
15498.0,United Kingdom,27,13316.39999999999,2011-12-07 12:48:00,360
18043.0,United Kingdom,3,559.5099999999996,2011-11-15 12:48:00,106
16016.0,United Kingdom,8,1508.7599999999998,2011-12-06 14:35:00,156
17341.0,United Kingdom,3,781.36,2011-07-06 12:33:00,147
16233.0,United Kingdom,3,536.6800000000001,2011-09-29 17:27:00,22
15032.0,United Kingdom,3,4959.099999999999,2011-03-28 15:03:00,29
13455.0,United Kingdom,2,1058.34,2011-11-15 11:21:00,42
17676.0,United Kingdom,6,1387.68,2011-12-05 15:16:00,49
18269.0,United Kingdom,1,168.6,2010-12-08 13:53:00,7
12766.0,Portugal,7,6989.630000000003,2011-12-06 08:46:00,205
13523.0,United Kingdom,5,3964.880000000001,2011-11-06 15:11:00,157
15005.0,United Kingdom,28,6316.569999999997,2011-11-24 12:25:00,360
15680.0,United Kingdom,3,1333.6799999999998,2011-11-30 13:46:00,61
13270.0,United Kingdom,1,590.0,2010-12-08 14:53:00,1
14866.0,United Kingdom,12,14389.899999999998,2011-11-29 11:45:00,30
13077.0,United Kingdom,4,729.27,2011-12-08 19:24:00,99
13140.0,United Kingdom,3,423.71999999999997,2011-08-23 15:33:00,40
14766.0,United Kingdom,6,2473.37,2011-12-01 16:05:00,111
17340.0,United Kingdom,11,12353.289999999997,2011-11-10 10:45:00,229
15996.0,United Kingdom,6,1060.6799999999994,2011-09-12 15:14:00,103
14030.0,United Kingdom,8,2360.0900000000006,2011-11-21 16:48:00,210
16596.0,United Kingdom,2,250.15,2011-11-24 10:02:00,12
16700.0,United Kingdom,13,5076.550000000003,2011-12-01 11:00:00,159
16011.0,United Kingdom,16,3362.710000000002,2011-12-01 16:31:00,99
17655.0,United Kingdom,7,2638.9400000000005,2011-11-29 11:34:00,66
16717.0,United Kingdom,6,3858.379999999999,2011-11-16 12:16:00,176
12963.0,United Kingdom,8,1856.6299999999997,2011-12-01 12:55:00,75
14437.0,United Kingdom,1,63.0,2010-12-09 09:27:00,5
18092.0,United Kingdom,11,9068.26,2011-12-07 13:14:00,28
12621.0,Germany,20,13689.669999999995,2011-12-08 11:25:00,261
12755.0,Japan,2,3811.9499999999994,2011-03-04 12:42:00,4
12429.0,Denmark,4,3750.4000000000005,2011-11-30 17:22:00,82
14896.0,United Kingdom,2,468.77000000000004,2011-05-19 10:20:00,43
14479.0,United Kingdom,2,316.24999999999994,2011-03-31 09:07:00,18
17430.0,United Kingdom,2,265.76,2011-11-07 09:24:00,14
16520.0,United Kingdom,3,1046.5700000000002,2011-06-06 13:24:00,129
15945.0,United Kingdom,1,181.0,2010-12-09 13:14:00,2
15856.0,United Kingdom,27,16387.570000000014,2011-12-05 17:09:00,295
13102.0,United Kingdom,24,6424.089999999999,2011-12-08 12:52:00,140
15271.0,United Kingdom,15,2507.0699999999997,2011-12-02 14:11:00,184
15288.0,United Kingdom,5,2306.519999999999,2011-10-27 16:58:00,80
16519.0,United Kingdom,2,215.07999999999998,2011-11-14 15:41:00,13
17646.0,United Kingdom,3,1008.3899999999999,2011-05-04 13:17:00,46
17339.0,United Kingdom,2,243.36,2011-09-06 13:29:00,9
17097.0,Spain,8,954.4199999999994,2011-12-07 17:05:00,153
15192.0,United Kingdom,3,1044.3200000000004,2011-08-12 11:41:00,36
17950.0,United Kingdom,3,482.19999999999993,2011-09-28 15:18:00,63
12826.0,United Kingdom,7,1474.7199999999998,2011-12-07 10:25:00,58
17456.0,United Kingdom,1,249.85999999999993,2010-12-09 15:23:00,17
15811.0,United Kingdom,6,2218.6199999999994,2011-11-17 15:31:00,117
18225.0,United Kingdom,12,5509.12,2011-12-06 13:27:00,150
15211.0,United Kingdom,2,894.4100000000001,2011-10-10 13:31:00,52
16163.0,United Kingdom,2,856.6000000000001,2011-04-21 15:15:00,5
16907.0,United Kingdom,5,981.65,2011-11-10 18:04:00,89
17530.0,United Kingdom,10,2385.0000000000014,2011-12-08 18:42:00,306
15805.0,United Kingdom,17,5528.479999999999,2011-11-16 16:32:00,220
12471.0,Germany,30,19824.04999999999,2011-12-07 15:43:00,150
17076.0,United Kingdom,3,841.0799999999998,2011-11-03 17:53:00,17
17827.0,United Kingdom,5,1995.46,2011-12-04 15:00:00,190
17880.0,United Kingdom,1,458.9199999999999,2010-12-10 10:21:00,26
13000.0,United Kingdom,3,534.85,2011-08-25 10:43:00,30
17790.0,United Kingdom,14,1965.5499999999997,2011-11-13 11:30:00,121
12731.0,France,12,18895.909999999996,2011-11-16 11:59:00,109
15723.0,United Kingdom,1,203.10000000000002,2010-12-10 11:12:00,37
14037.0,United Kingdom,2,147.2,2011-06-16 13:57:00,27
14256.0,United Kingdom,2,969.0600000000001,2011-03-24 13:17:00,51
14543.0,United Kingdom,16,3630.330000000001,2011-11-11 12:45:00,43
18116.0,United Kingdom,8,1418.0300000000009,2011-10-03 11:00:00,230
18178.0,United Kingdom,4,1590.81,2011-08-03 09:30:00,80
18065.0,United Kingdom,14,2392.8300000000004,2011-12-04 10:30:00,110
14952.0,United Kingdom,11,8099.489999999997,2011-10-11 10:33:00,117
14107.0,United Kingdom,7,2703.230000000001,2011-10-19 12:12:00,61
15881.0,United Kingdom,5,501.38999999999993,2011-01-31 16:59:00,26
15514.0,United Kingdom,11,4139.460000000001,2011-11-27 14:40:00,96
16565.0,United Kingdom,1,173.7,2010-12-10 15:21:00,3
16873.0,United Kingdom,6,7123.620000000001,2011-12-05 12:05:00,179
18016.0,United Kingdom,5,1483.56,2011-11-07 13:25:00,90
15503.0,United Kingdom,1,147.09,2010-12-12 10:57:00,66
17251.0,United Kingdom,1,283.28,2010-12-12 11:06:00,37
16923.0,United Kingdom,19,7247.609999999987,2011-11-27 13:00:00,313
14159.0,United Kingdom,11,4693.009999999993,2011-11-20 12:36:00,501
12753.0,Japan,6,21429.39,2011-11-17 10:52:00,132
17372.0,United Kingdom,8,1342.6799999999998,2011-10-30 11:37:00,215
13668.0,United Kingdom,21,6363.5899999999965,2011-12-07 12:11:00,284
17188.0,United Kingdom,7,2474.2299999999996,2011-11-28 13:53:00,71
15998.0,United Kingdom,5,3089.9700000000003,2011-11-03 12:45:00,370
14413.0,United Kingdom,1,122.70000000000003,2010-12-12 13:37:00,22
13959.0,United Kingdom,3,598.2000000000002,2011-09-21 15:06:00,79
15454.0,United Kingdom,1,179.10000000000005,2010-12-12 14:21:00,23
15044.0,United Kingdom,17,7700.229999999999,2011-11-20 13:20:00,233
17937.0,United Kingdom,7,4301.22,2011-12-01 11:45:00,19
14608.0,United Kingdom,4,1785.15,2011-12-05 16:52:00,8
14505.0,United Kingdom,8,5905.639999999999,2011-11-22 15:45:00,540
18037.0,United Kingdom,6,70.02,2011-07-08 13:39:00,19
13198.0,United Kingdom,6,3401.2399999999993,2011-11-29 15:17:00,199
13225.0,United Kingdom,7,6463.84,2011-12-06 13:29:00,23
15361.0,United Kingdom,1,418.9200000000001,2010-12-13 09:52:00,7
15689.0,United Kingdom,2,254.1,2011-08-12 09:37:00,8
14290.0,United Kingdom,5,2314.6499999999996,2011-11-28 14:02:00,89
13209.0,United Kingdom,8,5891.609999999998,2011-11-09 13:54:00,255
13999.0,United Kingdom,12,3901.810000000002,2011-11-29 13:40:00,102
14498.0,United Kingdom,5,1957.32,2011-10-28 12:09:00,162
15854.0,United Kingdom,12,2974.6500000000005,2011-12-05 13:39:00,105
14544.0,United Kingdom,2,2024.4500000000007,2011-11-15 15:06:00,97
17338.0,United Kingdom,8,6643.929999999997,2011-11-22 14:23:00,389
17799.0,United Kingdom,10,3055.93,2011-11-17 15:16:00,280
17303.0,United Kingdom,1,250.03999999999994,2010-12-13 13:32:00,53
14639.0,United Kingdom,6,2984.49,2011-10-18 15:06:00,138
17179.0,United Kingdom,3,711.7899999999998,2011-06-14 16:48:00,56
17293.0,United Kingdom,9,1875.1100000000001,2011-12-01 14:37:00,93
17375.0,United Kingdom,3,400.0999999999999,2011-05-24 15:45:00,63
17371.0,United Kingdom,3,423.8899999999999,2011-11-22 13:30:00,83
15159.0,United Kingdom,30,18641.010000000013,2011-12-08 12:05:00,363
13211.0,United Kingdom,3,1197.42,2011-11-29 14:43:00,45
14525.0,United Kingdom,9,4332.200000000001,2011-11-20 11:37:00,217
13324.0,United Kingdom,10,7121.949999999995,2011-11-03 16:28:00,25
16442.0,United Kingdom,3,616.7899999999998,2011-12-08 11:43:00,161
18075.0,United Kingdom,10,2611.7500000000005,2011-11-16 15:21:00,97
14961.0,United Kingdom,9,7044.6799999999985,2011-11-29 09:42:00,193
17041.0,United Kingdom,3,1081.5700000000002,2011-11-13 11:21:00,59
16458.0,United Kingdom,18,3482.74,2011-12-07 09:34:00,52
14057.0,United Kingdom,17,6217.96,2011-11-16 10:32:00,179
14871.0,United Kingdom,4,522.3799999999999,2011-12-06 13:42:00,68
13178.0,United Kingdom,11,5725.470000000003,2011-11-13 16:14:00,95
16812.0,United Kingdom,1,479.35,2010-12-14 12:35:00,15
16191.0,United Kingdom,13,5180.52,2011-12-07 11:26:00,65
12370.0,Cyprus,4,3545.689999999998,2011-10-19 14:51:00,143
16899.0,United Kingdom,6,1281.5599999999997,2011-12-02 12:03:00,80
16531.0,United Kingdom,7,1244.5900000000001,2011-11-17 16:29:00,68
17404.0,Sweden,15,31906.82,2011-12-05 16:26:00,111
14415.0,United Kingdom,13,5900.280000000006,2011-12-08 14:38:00,283
16805.0,United Kingdom,2,460.5899999999998,2011-06-19 11:23:00,94
16553.0,United Kingdom,12,5719.819999999999,2011-06-29 15:42:00,62
13846.0,United Kingdom,3,865.0600000000001,2011-11-15 12:07:00,55
13611.0,United Kingdom,3,1171.8,2011-09-11 14:51:00,67
15950.0,United Kingdom,4,1765.5099999999993,2011-11-08 11:09:00,86
15512.0,United Kingdom,2,121.0,2011-07-07 10:20:00,7
17525.0,United Kingdom,1,422.70000000000005,2010-12-15 12:05:00,9
13458.0,United Kingdom,14,9646.569999999998,2011-12-02 15:29:00,242
16003.0,United Kingdom,5,2735.3700000000003,2011-11-10 09:57:00,82
15101.0,United Kingdom,2,317.53,2011-12-01 10:18:00,8
17033.0,United Kingdom,3,1030.1399999999996,2011-09-14 14:34:00,24
13221.0,United Kingdom,2,847.41,2011-04-13 16:58:00,62
14201.0,United Kingdom,7,747.44,2011-10-10 13:27:00,32
15822.0,United Kingdom,2,885.4700000000001,2011-12-06 14:50:00,28
17551.0,United Kingdom,1,306.84,2010-12-15 14:12:00,39
18050.0,United Kingdom,1,74.4,2010-12-15 14:25:00,5
14913.0,United Kingdom,4,1227.4300000000003,2011-11-04 08:29:00,76
17214.0,United Kingdom,6,1069.1199999999997,2011-10-10 13:17:00,79
12928.0,United Kingdom,5,2062.7,2011-11-04 14:24:00,59
15290.0,United Kingdom,18,7943.220000000002,2011-12-05 11:39:00,93
17752.0,United Kingdom,1,80.64,2010-12-15 16:19:00,1
17189.0,United Kingdom,2,384.4,2011-08-25 19:39:00,52
17496.0,United Kingdom,1,271.04999999999995,2010-12-16 08:39:00,10
13890.0,United Kingdom,10,1883.81,2011-12-08 15:36:00,74
15246.0,United Kingdom,2,514.15,2011-04-15 14:45:00,32
15482.0,United Kingdom,12,11054.959999999997,2011-11-24 10:46:00,46
13021.0,United Kingdom,9,2616.379999999999,2011-12-05 16:37:00,101
16985.0,United Kingdom,10,5464.12,2011-11-22 13:33:00,62
14414.0,United Kingdom,7,1496.9800000000002,2011-09-09 12:09:00,79
14878.0,United Kingdom,9,1485.5400000000004,2011-11-27 11:15:00,62
17146.0,United Kingdom,3,749.78,2011-08-26 12:44:00,33
14621.0,United Kingdom,5,1788.3599999999997,2011-12-08 16:22:00,80
14309.0,United Kingdom,9,2352.5300000000007,2011-12-01 13:33:00,74
17288.0,United Kingdom,7,1419.7299999999996,2011-11-30 16:09:00,118
15157.0,United Kingdom,3,1936.0700000000002,2011-12-06 11:28:00,125
16316.0,United Kingdom,8,2938.9100000000003,2011-10-06 13:48:00,120
15789.0,United Kingdom,1,351.3,2010-12-16 14:35:00,25
13534.0,United Kingdom,25,5870.080000000006,2011-12-07 14:52:00,119
17580.0,United Kingdom,3,215.71999999999997,2011-04-01 12:41:00,43
15759.0,United Kingdom,3,253.04000000000002,2011-05-05 15:13:00,5
14373.0,United Kingdom,1,76.55000000000001,2010-12-16 15:40:00,4
18223.0,United Kingdom,14,6484.540000000004,2011-12-05 09:11:00,116
15532.0,United Kingdom,4,1580.930000000001,2011-11-14 14:51:00,205
16684.0,United Kingdom,28,66653.56,2011-12-05 14:06:00,119
14334.0,United Kingdom,8,2552.210000000001,2011-11-23 10:01:00,98
16945.0,United Kingdom,19,4345.500000000005,2011-11-18 11:39:00,137
14643.0,United Kingdom,2,693.81,2011-06-22 14:41:00,30
15197.0,United Kingdom,3,1079.61,2011-11-29 10:00:00,30
14220.0,United Kingdom,2,632.4,2011-04-06 13:23:00,21
17848.0,United Kingdom,9,901.2000000000003,2011-09-19 16:49:00,41
12348.0,Finland,4,1797.24,2011-09-25 13:13:00,22
14985.0,United Kingdom,2,296.7499999999999,2011-05-25 14:29:00,78
13004.0,United Kingdom,18,5655.91,2011-11-28 11:27:00,277
14560.0,United Kingdom,22,2237.7700000000004,2011-12-02 15:22:00,39
12551.0,Spain,1,168.0,2010-12-17 11:23:00,10
12782.0,Portugal,5,2330.920000000001,2011-12-05 09:16:00,81
14769.0,United Kingdom,8,10674.750000000002,2011-12-07 10:24:00,718
15780.0,United Kingdom,3,475.28,2011-06-09 12:01:00,26
17315.0,United Kingdom,38,6292.259999999997,2011-12-08 12:15:00,256
16711.0,United Kingdom,5,1651.03,2011-12-06 16:32:00,18
15204.0,United Kingdom,1,316.58,2010-12-17 13:49:00,9
15160.0,United Kingdom,1,158.15999999999997,2010-12-17 14:15:00,4
14016.0,EIRE,4,4341.209999999999,2011-07-01 11:29:00,154
13033.0,United Kingdom,1,190.55,2010-12-17 14:23:00,11
12691.0,France,6,1035.8,2011-11-11 16:49:00,21
14146.0,United Kingdom,5,4191.0,2011-12-01 10:18:00,183
17358.0,United Kingdom,2,365.8499999999999,2011-02-09 16:57:00,55
16686.0,United Kingdom,7,3062.829999999999,2011-10-23 13:49:00,406
18245.0,United Kingdom,7,2567.0599999999986,2011-12-02 14:48:00,153
17343.0,United Kingdom,1,193.64,2010-12-19 15:07:00,17
12377.0,Switzerland,2,1628.12,2011-01-28 15:45:00,72
12721.0,France,6,2656.1299999999997,2011-11-08 12:13:00,133
13027.0,United Kingdom,6,6912.0,2011-08-18 09:39:00,6
15527.0,United Kingdom,8,2429.7800000000007,2011-11-21 12:17:00,127
15460.0,United Kingdom,1,216.75999999999988,2010-12-20 16:08:00,53
15034.0,United Kingdom,8,4308.61,2011-11-24 12:11:00,299
12678.0,France,12,17628.460000000003,2011-10-28 13:04:00,105
15208.0,United Kingdom,5,870.12,2011-12-08 17:24:00,25
16996.0,United Kingdom,6,1456.96,2011-11-09 16:43:00,13
14737.0,United Kingdom,3,1164.55,2011-12-06 10:16:00,15
13029.0,United Kingdom,3,1247.5,2011-11-09 09:13:00,8
12515.0,Italy,1,383.7,2010-12-21 15:43:00,16
17400.0,United Kingdom,5,2129.9600000000014,2011-08-05 15:38:00,175
17593.0,United Kingdom,5,3927.3399999999983,2011-12-06 10:30:00,190
14533.0,United Kingdom,7,1949.72,2011-11-15 12:05:00,53
14532.0,United Kingdom,4,932.8499999999997,2011-04-17 13:05:00,45
12383.0,Belgium,5,1850.5599999999993,2011-06-08 08:02:00,84
15562.0,United Kingdom,1,134.55,2010-12-23 09:55:00,1
13922.0,United Kingdom,1,172.25,2010-12-23 10:38:00,7
13817.0,Germany,2,382.98,2011-11-10 17:49:00,20
13165.0,United Kingdom,2,1021.4799999999998,2011-10-24 15:05:00,40
16875.0,United Kingdom,5,2095.5299999999997,2011-10-03 13:39:00,93
12957.0,United Kingdom,8,4017.540000000002,2011-11-30 09:53:00,208
14462.0,United Kingdom,11,2004.0200000000004,2011-10-04 15:55:00,150
13397.0,United Kingdom,5,1544.1299999999997,2011-09-28 10:56:00,28
12483.0,Sweden,8,2484.9800000000005,2011-11-22 17:02:00,46
15164.0,United Kingdom,3,843.05,2011-10-02 12:05:00,79
14553.0,United Kingdom,5,859.2699999999996,2011-11-20 13:20:00,103
15841.0,United Kingdom,4,1224.0600000000004,2011-09-28 12:15:00,36
16112.0,United Kingdom,4,195.74,2011-07-19 14:28:00,15
16600.0,United Kingdom,6,813.52,2011-12-05 16:00:00,50
15266.0,United Kingdom,1,119.30000000000001,2011-01-05 13:40:00,6
17585.0,United Kingdom,4,1133.0700000000002,2011-08-22 13:30:00,176
15046.0,United Kingdom,15,5213.77,2011-11-30 15:50:00,147
18062.0,United Kingdom,3,720.52,2011-06-19 14:47:00,23
12415.0,Australia,21,124914.52999999977,2011-11-15 14:22:00,444
17368.0,United Kingdom,8,1912.67,2011-11-16 15:26:00,93
14258.0,United Kingdom,9,12669.979999999998,2011-11-30 15:27:00,58
15719.0,United Kingdom,13,5045.609999999999,2011-11-07 12:29:00,299
13368.0,United Kingdom,2,623.4000000000001,2011-03-28 09:59:00,29
17634.0,United Kingdom,9,2361.9700000000034,2011-11-03 13:09:00,209
16676.0,United Kingdom,4,1592.1199999999997,2011-11-06 12:01:00,75
18283.0,United Kingdom,16,2094.8799999999987,2011-12-06 12:02:00,263
13764.0,United Kingdom,3,1521.76,2011-09-30 12:03:00,183
13280.0,United Kingdom,3,814.8600000000001,2011-08-09 13:14:00,67
15845.0,United Kingdom,8,3711.7699999999995,2011-11-22 09:42:00,97
13187.0,United Kingdom,1,236.01999999999998,2011-01-06 18:57:00,37
16551.0,United Kingdom,3,922.12,2011-09-05 09:38:00,26
15139.0,United Kingdom,2,178.96,2011-04-14 11:39:00,13
12489.0,France,1,334.92999999999995,2011-01-07 13:13:00,15
17707.0,United Kingdom,2,152.4,2011-06-07 15:03:00,3
12484.0,Spain,6,4541.719999999999,2011-11-07 11:37:00,256
18179.0,United Kingdom,6,1793.17,2011-11-30 16:23:00,86
13233.0,United Kingdom,2,605.12,2011-09-26 13:25:00,43
14889.0,United Kingdom,1,135.89999999999998,2011-01-07 15:19:00,10
14672.0,United Kingdom,2,765.5500000000001,2011-04-19 10:19:00,58
13183.0,United Kingdom,9,3957.78,2011-12-02 10:30:00,51
17095.0,United Kingdom,3,1324.1599999999996,2011-11-17 12:21:00,69
15611.0,United Kingdom,13,1591.45,2011-11-30 12:36:00,23
17128.0,United Kingdom,1,157.09000000000003,2011-01-09 12:02:00,14
12651.0,France,1,114.00000000000001,2011-01-09 12:46:00,9
16735.0,United Kingdom,5,2300.56,2011-09-22 11:49:00,88
16833.0,United Kingdom,4,1106.5300000000002,2011-12-08 14:39:00,46
14755.0,United Kingdom,11,5010.28,2011-11-30 11:24:00,128
13565.0,United Kingdom,2,240.21999999999997,2011-11-20 14:33:00,35
15799.0,United Kingdom,3,884.1400000000002,2011-09-25 12:46:00,94
14794.0,United Kingdom,7,1319.9099999999999,2011-12-07 10:11:00,68
18171.0,United Kingdom,5,1231.31,2011-10-12 09:13:00,43
16850.0,United Kingdom,1,332.41,2011-01-10 11:09:00,19
15326.0,United Kingdom,1,311.7099999999999,2011-01-10 11:38:00,29
14229.0,United Kingdom,3,1547.2,2011-10-19 10:04:00,29
13107.0,United Kingdom,4,1531.62,2011-10-26 14:52:00,54
16497.0,United Kingdom,6,2965.6899999999996,2011-10-21 10:55:00,128
12736.0,France,1,234.0,2011-01-11 07:57:00,4
14320.0,United Kingdom,2,477.78999999999996,2011-05-17 09:24:00,29
12393.0,Australia,4,1582.6000000000001,2011-09-28 15:41:00,47
16351.0,United Kingdom,1,153.9,2011-01-11 10:26:00,8
15370.0,United Kingdom,7,2386.05,2011-10-30 10:58:00,65
16034.0,United Kingdom,3,437.70000000000005,2011-05-27 16:17:00,18
17365.0,United Kingdom,8,4801.559999999998,2011-11-27 12:13:00,278
15189.0,United Kingdom,41,16225.390000000005,2011-12-08 13:22:00,80
14669.0,United Kingdom,3,1269.99,2011-04-12 11:43:00,158
15518.0,United Kingdom,8,1942.4500000000007,2011-10-06 13:05:00,135
14209.0,United Kingdom,6,2073.43,2011-11-29 10:18:00,55
16042.0,United Kingdom,5,1197.2700000000002,2011-11-17 17:50:00,68
15569.0,United Kingdom,5,1375.71,2011-08-28 10:15:00,27
12728.0,France,4,836.3299999999999,2011-09-29 15:31:00,38
17569.0,United Kingdom,1,344.14,2011-01-11 14:15:00,29
12724.0,France,4,1031.41,2011-12-04 16:02:00,47
14270.0,United Kingdom,1,492.64999999999986,2011-01-12 09:33:00,29
16359.0,United Kingdom,9,1750.9199999999996,2011-12-02 17:04:00,39
16554.0,United Kingdom,3,837.0999999999999,2011-10-28 14:51:00,51
15939.0,United Kingdom,15,6115.01,2011-09-11 11:30:00,28
14587.0,United Kingdom,9,1601.1399999999999,2011-11-21 11:34:00,170
14040.0,United Kingdom,12,3614.92,2011-10-30 12:42:00,146
12652.0,France,1,919.9799999999999,2011-01-12 15:00:00,48
14514.0,United Kingdom,3,1055.35,2011-10-09 16:05:00,65
15171.0,United Kingdom,1,1289.5,2011-01-12 15:36:00,5
16500.0,United Kingdom,6,400.86,2011-12-05 12:04:00,8
12951.0,United Kingdom,6,1064.0700000000002,2011-12-01 12:14:00,53
15835.0,United Kingdom,4,954.0899999999997,2011-10-26 15:47:00,47
13993.0,United Kingdom,9,3466.36,2011-10-28 09:06:00,66
16315.0,United Kingdom,1,226.37000000000003,2011-01-13 11:57:00,14
14978.0,United Kingdom,5,1931.4200000000026,2011-09-28 13:07:00,136
16395.0,United Kingdom,5,1486.9000000000005,2011-10-10 12:50:00,150
15510.0,United Kingdom,1,250.0,2011-01-13 12:10:00,1
13246.0,United Kingdom,6,1987.3000000000004,2011-11-21 16:50:00,110
15687.0,United Kingdom,9,2993.1000000000004,2011-12-01 08:33:00,119
12672.0,France,1,225.9,2011-01-14 09:20:00,10
13385.0,United Kingdom,1,534.5699999999999,2011-01-14 09:52:00,35
12474.0,Germany,18,7375.7900000000045,2011-11-22 14:39:00,253
15213.0,United Kingdom,2,328.35,2011-01-25 12:21:00,22
18106.0,United Kingdom,1,430.69999999999993,2011-01-14 12:23:00,33
15033.0,United Kingdom,10,2586.670000000001,2011-12-05 12:40:00,315
14329.0,United Kingdom,7,5014.840000000002,2011-11-22 15:50:00,218
16401.0,United Kingdom,12,4098.319999999997,2011-12-08 18:15:00,66
16206.0,United Kingdom,4,537.06,2011-10-16 10:41:00,52
13782.0,United Kingdom,6,911.9999999999998,2011-11-27 11:54:00,96
12924.0,United Kingdom,4,933.7000000000003,2011-09-12 13:55:00,22
16593.0,United Kingdom,3,330.03,2011-10-20 12:41:00,24
13064.0,United Kingdom,4,1119.49,2011-11-27 12:31:00,51
17609.0,United Kingdom,5,1112.2200000000003,2011-10-30 12:28:00,199
15673.0,United Kingdom,4,2881.0200000000013,2011-09-12 16:12:00,107
12626.0,Germany,9,6620.480000000001,2011-11-16 16:06:00,232
12388.0,Australia,6,2780.6600000000008,2011-11-24 12:30:00,57
13527.0,United Kingdom,7,2287.509999999999,2011-11-06 12:04:00,153
15316.0,United Kingdom,1,165.0,2011-01-17 11:34:00,1
12673.0,Germany,2,610.52,2011-12-04 13:55:00,42
15296.0,United Kingdom,6,3672.8599999999997,2011-10-20 11:47:00,137
17988.0,United Kingdom,7,201.12,2011-11-28 11:00:00,37
13001.0,United Kingdom,13,9818.82000000001,2011-12-05 14:51:00,166
17730.0,United Kingdom,13,5298.48,2011-12-06 15:43:00,127
13929.0,United Kingdom,2,842.6500000000001,2011-06-23 15:26:00,8
14242.0,United Kingdom,2,280.55,2011-04-19 11:46:00,13
12356.0,Portugal,3,2811.4300000000007,2011-11-17 08:40:00,53
13898.0,United Kingdom,1,155.93,2011-01-18 10:28:00,12
16948.0,United Kingdom,3,435.02,2011-07-24 12:46:00,15
12527.0,Germany,3,348.71000000000004,2011-09-19 11:55:00,18
15395.0,United Kingdom,1,107.44999999999999,2011-01-18 12:40:00,7
12422.0,Australia,3,803.5599999999997,2011-09-05 09:48:00,39
17708.0,United Kingdom,2,267.08000000000004,2011-06-05 10:12:00,28
14916.0,United Kingdom,4,1268.9799999999993,2011-09-30 09:20:00,72
14572.0,United Kingdom,7,2832.840000000001,2011-12-06 14:40:00,190
14784.0,United Kingdom,2,289.99,2011-11-13 13:30:00,15
15938.0,United Kingdom,5,404.58,2011-08-19 12:56:00,13
17418.0,United Kingdom,2,463.46000000000004,2011-10-28 13:00:00,29
16321.0,Australia,5,373.65,2011-09-28 14:55:00,7
15262.0,United Kingdom,1,178.95,2011-01-20 12:16:00,10
12402.0,Belgium,1,225.60000000000002,2011-01-20 13:49:00,11
17771.0,United Kingdom,2,245.81,2011-10-14 11:43:00,51
15174.0,United Kingdom,1,135.75,2011-01-21 09:06:00,11
12594.0,Italy,10,3338.2200000000003,2011-11-02 12:20:00,50
17504.0,United Kingdom,9,2997.030000000001,2011-05-17 12:59:00,112
16387.0,United Kingdom,1,94.36,2011-01-21 11:34:00,4
12664.0,Finland,9,4881.879999999999,2011-12-01 17:07:00,10
17277.0,United Kingdom,2,1065.35,2011-04-26 12:47:00,67
17889.0,United Kingdom,2,203.86999999999998,2011-05-11 16:26:00,20
17714.0,United Kingdom,1,153.0,2011-01-23 10:32:00,10
12916.0,United Kingdom,4,3006.1500000000005,2011-07-24 10:35:00,53
17769.0,United Kingdom,10,3997.9800000000005,2011-11-27 11:18:00,200
14450.0,United Kingdom,3,483.25,2011-06-12 10:46:00,32
13659.0,United Kingdom,2,1573.2000000000012,2011-05-18 12:37:00,92
15167.0,United Kingdom,1,163.0,2011-01-23 12:41:00,39
15443.0,United Kingdom,7,3236.9100000000008,2011-12-08 10:40:00,237
14224.0,United Kingdom,4,1050.1200000000001,2011-08-21 13:24:00,105
13742.0,United Kingdom,12,3131.020000000001,2011-11-23 11:07:00,200
17673.0,United Kingdom,6,1629.1200000000017,2011-12-08 12:50:00,118
12727.0,France,7,3980.7000000000003,2011-11-29 11:46:00,109
14368.0,United Kingdom,1,155.0,2011-01-24 09:52:00,8
13819.0,United Kingdom,3,1140.3500000000001,2011-02-11 10:38:00,26
14501.0,United Kingdom,2,251.21,2011-06-09 12:02:00,9
14782.0,United Kingdom,1,200.10000000000002,2011-01-24 11:12:00,6
17861.0,United Kingdom,8,2100.800000000001,2011-12-06 16:21:00,172
14439.0,Greece,1,2661.2400000000007,2011-01-24 11:39:00,32
15820.0,United Kingdom,1,206.97999999999993,2011-01-24 12:00:00,17
18136.0,United Kingdom,3,784.3300000000002,2011-10-07 15:40:00,34
16660.0,United Kingdom,4,1267.6499999999999,2011-11-23 14:53:00,16
12693.0,Germany,4,855.9100000000001,2011-08-04 17:51:00,35
12625.0,Germany,2,2683.8199999999997,2011-05-12 09:54:00,73
15179.0,United Kingdom,5,2206.95,2011-11-21 12:53:00,91
13551.0,United Kingdom,1,91.80000000000001,2011-01-24 14:46:00,4
12421.0,Spain,4,807.0400000000001,2011-11-24 09:07:00,32
15797.0,United Kingdom,4,2207.4,2011-08-18 17:04:00,8
14130.0,United Kingdom,1,483.8599999999998,2011-01-24 16:05:00,66
15222.0,United Kingdom,1,585.0,2011-01-25 08:03:00,5
13901.0,United Kingdom,5,2867.199999999999,2011-09-28 14:48:00,144
14257.0,United Kingdom,5,3099.7200000000003,2011-10-06 16:54:00,88
15967.0,United Kingdom,2,418.83000000000004,2011-11-16 15:41:00,73
13703.0,United Kingdom,1,99.5,2011-01-25 13:10:00,1
15339.0,United Kingdom,2,574.0699999999996,2011-10-04 12:51:00,77
16222.0,United Kingdom,1,846.7200000000003,2011-01-25 13:38:00,120
13168.0,United Kingdom,4,1319.19,2011-11-03 12:56:00,102
16943.0,United Kingdom,3,816.7299999999999,2011-05-12 11:57:00,23
17082.0,United Kingdom,2,2003.85,2011-11-06 15:17:00,75
14248.0,United Kingdom,1,302.58,2011-01-25 14:45:00,8
13002.0,United Kingdom,1,120.94999999999999,2011-01-25 15:18:00,7
16133.0,United Kingdom,33,14589.039999999999,2011-12-06 11:24:00,220
13405.0,United Kingdom,3,572.451,2011-09-26 17:01:00,25
15812.0,United Kingdom,5,1801.14,2011-08-24 14:19:00,36
14616.0,United Kingdom,3,406.08000000000004,2011-04-11 09:54:00,2
17075.0,United Kingdom,4,834.1200000000001,2011-11-22 11:58:00,62
16714.0,United Kingdom,3,1161.5299999999997,2011-05-05 11:09:00,77
13098.0,United Kingdom,28,28882.439999999988,2011-12-08 14:14:00,156
17786.0,United Kingdom,2,278.74000000000007,2011-09-15 12:51:00,57
13754.0,United Kingdom,2,282.59999999999997,2011-07-11 11:51:00,11
15227.0,United Kingdom,5,1219.3999999999999,2011-11-03 11:59:00,43
12997.0,United Kingdom,4,1226.8899999999999,2011-11-17 15:47:00,45
16882.0,United Kingdom,3,705.1199999999999,2011-10-04 10:42:00,39
14442.0,Channel Islands,2,1589.82,2011-05-19 11:36:00,58
12764.0,Lebanon,1,1693.8800000000003,2011-01-27 10:19:00,45
16949.0,United Kingdom,6,1286.27,2011-12-06 11:07:00,57
14701.0,United Kingdom,9,2549.3700000000013,2011-11-29 12:38:00,268
12645.0,Germany,4,1775.1799999999998,2011-11-06 12:38:00,58
14738.0,United Kingdom,7,1314.4499999999998,2011-10-28 08:56:00,39
17540.0,United Kingdom,2,578.9000000000001,2011-11-15 11:56:00,20
13328.0,United Kingdom,1,1308.48,2011-01-27 15:22:00,17
15549.0,United Kingdom,3,1693.26,2011-09-23 16:22:00,104
15057.0,United Kingdom,2,1489.5,2011-03-09 15:17:00,25
12574.0,France,1,218.45000000000002,2011-01-28 09:20:00,11
13552.0,United Kingdom,12,3740.0700000000015,2011-10-04 15:19:00,82
16755.0,United Kingdom,3,1496.8300000000006,2011-08-17 13:21:00,133
16523.0,United Kingdom,21,9418.470000000001,2011-12-08 09:06:00,151
13709.0,United Kingdom,13,6328.049999999999,2011-12-06 10:28:00,244
17329.0,United Kingdom,2,523.1100000000001,2011-11-25 14:24:00,29
14595.0,United Kingdom,6,1740.6,2011-11-20 12:12:00,94
15415.0,United Kingdom,1,572.8100000000002,2011-01-30 14:13:00,46
17463.0,United Kingdom,5,1896.41,2011-11-23 13:40:00,162
12528.0,Germany,6,1933.4800000000005,2011-11-30 14:40:00,50
15448.0,United Kingdom,1,494.64000000000004,2011-01-31 10:42:00,28
17373.0,United Kingdom,4,646.9199999999998,2011-10-30 15:28:00,47
18145.0,United Kingdom,4,2861.5499999999997,2011-11-27 11:22:00,174
14467.0,United Kingdom,4,598.7600000000001,2011-11-22 12:48:00,67
12908.0,United Kingdom,2,750.0,2011-06-16 15:39:00,1
15144.0,United Kingdom,17,6580.440000000001,2011-12-01 15:12:00,132
14776.0,United Kingdom,11,2538.3000000000006,2011-10-19 15:34:00,44
16407.0,United Kingdom,10,2126.9300000000007,2011-11-27 11:05:00,99
12778.0,Netherlands,6,822.2299999999998,2011-11-20 11:30:00,40
17256.0,United Kingdom,2,240.0,2011-08-24 13:30:00,12
17604.0,United Kingdom,2,309.36000000000007,2011-05-06 13:43:00,57
15058.0,United Kingdom,11,2124.9900000000007,2011-11-14 14:57:00,199
15240.0,United Kingdom,5,1706.5700000000004,2011-10-26 09:50:00,58
17147.0,United Kingdom,4,1714.5899999999997,2011-11-17 12:32:00,68
16570.0,United Kingdom,10,3738.3999999999996,2011-11-24 17:02:00,68
16612.0,United Kingdom,4,1187.6599999999999,2011-11-07 07:38:00,48
17356.0,United Kingdom,1,178.21999999999997,2011-02-01 11:07:00,19
12836.0,United Kingdom,4,2612.86,2011-10-11 15:10:00,148
13606.0,United Kingdom,3,280.54,2011-11-10 17:46:00,40
13494.0,United Kingdom,1,316.2600000000001,2011-02-01 11:58:00,18
12929.0,United Kingdom,1,117.85000000000001,2011-02-01 12:08:00,8
16419.0,United Kingdom,6,972.23,2011-08-19 12:33:00,36
17035.0,United Kingdom,2,433.53,2011-04-08 11:23:00,27
15203.0,United Kingdom,6,1827.7999999999993,2011-11-14 08:16:00,82
12373.0,Austria,1,364.6,2011-02-01 13:10:00,14
18202.0,United Kingdom,3,1396.9900000000002,2011-05-24 12:12:00,55
15981.0,United Kingdom,8,3408.48,2011-11-15 08:00:00,53
17376.0,United Kingdom,2,203.20000000000002,2011-09-30 12:36:00,23
13110.0,United Kingdom,7,1488.6700000000008,2011-11-08 14:30:00,109
16716.0,United Kingdom,2,901.2,2011-03-18 10:03:00,1
12676.0,Sweden,6,1331.3899999999999,2011-11-15 12:25:00,33
15940.0,United Kingdom,1,35.8,2011-02-01 16:18:00,1
15971.0,United Kingdom,12,4199.85,2011-11-22 12:50:00,10
14411.0,United Kingdom,1,1063.0,2011-02-02 10:56:00,14
14460.0,United Kingdom,3,434.34000000000003,2011-08-21 14:19:00,14
16156.0,United Kingdom,9,3122.04,2011-12-01 12:42:00,108
14127.0,United Kingdom,3,709.7099999999996,2011-08-09 10:49:00,39
13824.0,United Kingdom,5,1698.94,2011-11-07 12:41:00,34
18250.0,United Kingdom,1,349.27000000000004,2011-02-02 13:16:00,21
15270.0,United Kingdom,7,2379.4900000000002,2011-11-24 09:24:00,22
18017.0,United Kingdom,3,523.0,2011-09-19 16:15:00,1
17446.0,United Kingdom,2,120.90000000000002,2011-06-16 10:42:00,6
12350.0,Norway,1,334.40000000000003,2011-02-02 16:01:00,17
16405.0,United Kingdom,2,167.25,2011-02-10 15:24:00,3
17071.0,United Kingdom,9,2429.03,2011-11-11 16:31:00,102
13873.0,United Kingdom,3,389.6,2011-08-12 10:08:00,21
13394.0,United Kingdom,8,2520.02,2011-12-08 11:36:00,124
16333.0,United Kingdom,22,26626.8,2011-12-02 12:19:00,9
16030.0,United Kingdom,1,331.23999999999995,2011-02-03 11:28:00,28
13800.0,United Kingdom,1,558.3199999999998,2011-02-03 12:27:00,33
15885.0,United Kingdom,3,379.35,2011-09-08 10:43:00,18
14497.0,United Kingdom,1,475.3699999999999,2011-02-03 17:01:00,29
17507.0,United Kingdom,2,605.5800000000002,2011-03-23 11:48:00,79
13208.0,United Kingdom,6,1223.9,2011-10-12 09:54:00,124
16938.0,United Kingdom,4,2736.3800000000015,2011-12-01 10:20:00,212
12410.0,Switzerland,2,693.3299999999999,2011-02-04 10:39:00,26
13725.0,United Kingdom,8,1980.5600000000004,2011-10-21 10:03:00,95
13309.0,United Kingdom,5,1456.79,2011-12-02 16:34:00,82
16109.0,United Kingdom,2,611.8799999999997,2011-05-05 09:17:00,18
17291.0,United Kingdom,1,550.8000000000001,2011-02-04 13:04:00,1
15090.0,United Kingdom,1,381.32,2011-02-04 14:03:00,23
15199.0,United Kingdom,4,1268.6999999999998,2011-10-11 15:12:00,5
14842.0,United Kingdom,4,2824.6900000000005,2011-10-27 12:37:00,128
13584.0,United Kingdom,1,142.4,2011-02-06 12:49:00,24
17105.0,United Kingdom,2,665.78,2011-07-03 15:53:00,80
12956.0,United Kingdom,1,108.07000000000002,2011-02-06 16:08:00,19
14600.0,United Kingdom,1,393.33,2011-02-07 09:48:00,25
17302.0,United Kingdom,5,1135.6299999999999,2011-11-25 09:36:00,68
17613.0,United Kingdom,14,4559.15,2011-11-17 10:51:00,211
13334.0,United Kingdom,3,3536.819999999999,2011-09-18 15:21:00,207
13955.0,United Kingdom,2,322.96000000000004,2011-07-08 17:19:00,33
17162.0,United Kingdom,10,1715.4599999999996,2011-11-11 11:34:00,81
17774.0,United Kingdom,4,1225.41,2011-09-04 12:49:00,123
15407.0,United Kingdom,4,1056.4399999999998,2011-11-06 11:55:00,142
15577.0,United Kingdom,3,258.88000000000005,2011-07-11 17:03:00,39
16332.0,United Kingdom,7,1593.1999999999994,2011-11-11 14:22:00,125
14048.0,United Kingdom,1,409.93000000000006,2011-02-07 14:53:00,83
14475.0,United Kingdom,3,925.8499999999998,2011-09-29 10:46:00,35
15753.0,United Kingdom,1,79.2,2011-02-08 12:41:00,1
15843.0,United Kingdom,1,118.94999999999999,2011-02-09 10:19:00,8
17083.0,United Kingdom,3,1405.7799999999997,2011-08-22 15:43:00,24
17537.0,United Kingdom,2,897.6200000000003,2011-11-10 10:56:00,74
12401.0,Belgium,1,84.3,2011-02-09 13:50:00,5
13706.0,United Kingdom,1,330.79,2011-02-10 09:21:00,20
14431.0,United Kingdom,1,470.3599999999999,2011-02-10 10:40:00,17
15809.0,United Kingdom,5,515.77,2011-11-03 16:40:00,31
12561.0,Germany,1,238.85000000000002,2011-02-10 11:39:00,16
18093.0,United Kingdom,4,2106.52,2011-09-07 15:43:00,31
16027.0,United Kingdom,6,934.62,2011-09-09 10:47:00,11
12857.0,United Kingdom,2,1106.4,2011-05-13 10:20:00,37
18230.0,United Kingdom,7,2810.2000000000003,2011-11-30 13:22:00,32
15114.0,United Kingdom,10,2760.5600000000004,2011-11-09 15:05:00,136
15133.0,United Kingdom,3,982.4199999999998,2011-08-04 10:44:00,27
12897.0,United Kingdom,2,216.5,2011-05-19 12:13:00,3
12477.0,Germany,6,13219.740000000002,2011-11-17 09:51:00,191
15550.0,United Kingdom,4,575.63,2011-12-05 15:38:00,43
18159.0,United Kingdom,1,530.1500000000001,2011-02-11 14:26:00,23
13875.0,United Kingdom,5,1786.7900000000006,2011-10-17 09:36:00,79
16434.0,United Kingdom,7,1522.25,2011-11-10 14:28:00,88
17050.0,United Kingdom,6,3228.839999999998,2011-09-04 13:48:00,169
17472.0,United Kingdom,3,710.2900000000001,2011-06-01 14:57:00,142
17255.0,United Kingdom,2,298.41,2011-10-30 12:18:00,69
16084.0,United Kingdom,1,436.17999999999984,2011-02-13 16:05:00,38
13381.0,United Kingdom,6,3639.3099999999995,2011-11-08 11:58:00,77
15236.0,United Kingdom,1,321.0499999999999,2011-02-14 10:52:00,15
17829.0,United Arab Emirates,1,889.24,2011-02-14 12:46:00,30
13717.0,United Kingdom,6,1445.0100000000002,2011-11-07 14:13:00,92
13157.0,United Kingdom,4,1741.2199999999998,2011-10-21 13:50:00,69
12993.0,United Kingdom,4,414.7600000000001,2011-11-16 15:49:00,26
16738.0,United Kingdom,1,3.75,2011-02-15 09:46:00,1
17612.0,United Kingdom,6,2048.45,2011-10-17 14:59:00,116
17348.0,United Kingdom,5,1159.52,2011-11-25 11:25:00,180
16431.0,United Kingdom,3,642.8100000000001,2011-05-10 14:09:00,51
12616.0,France,2,713.3,2011-09-05 15:17:00,25
16317.0,United Kingdom,3,1341.6499999999996,2011-08-12 12:46:00,64
14897.0,United Kingdom,4,1366.38,2011-12-02 10:32:00,43
14386.0,United Kingdom,1,142.4,2011-02-16 09:45:00,7
12455.0,Cyprus,6,2466.8599999999965,2011-09-27 15:31:00,85
14530.0,United Kingdom,6,2925.9100000000008,2011-11-14 10:38:00,140
15670.0,United Kingdom,1,173.05,2011-02-16 10:50:00,12
12653.0,Israel,2,2209.85,2011-07-14 10:41:00,37
16126.0,United Kingdom,4,6287.770000000001,2011-11-10 16:03:00,57
12352.0,Norway,8,2506.040000000001,2011-11-03 14:37:00,59
14944.0,United Kingdom,12,5900.250000000002,2011-11-10 09:10:00,101
16494.0,United Kingdom,1,826.5300000000002,2011-02-16 12:49:00,47
14959.0,United Kingdom,4,695.4199999999998,2011-10-06 18:23:00,37
17175.0,United Kingdom,4,1443.6900000000003,2011-10-26 15:31:00,42
13718.0,United Kingdom,2,306.55,2011-04-07 13:24:00,9
14754.0,United Kingdom,2,638.0499999999998,2011-10-26 12:01:00,38
13151.0,United Kingdom,1,1257.87,2011-02-17 12:29:00,73
15903.0,United Kingdom,7,5126.76,2011-11-30 08:08:00,46
14371.0,United Kingdom,1,100.5,2011-02-17 16:35:00,4
12852.0,United Kingdom,1,311.55,2011-02-18 08:47:00,17
15228.0,United Kingdom,4,3386.7099999999996,2011-10-04 13:56:00,110
13012.0,United Kingdom,8,1661.8400000000001,2011-11-30 13:05:00,67
16182.0,United Kingdom,4,6617.650000000001,2011-09-28 13:23:00,17
13489.0,United Kingdom,4,449.52000000000004,2011-08-26 13:16:00,11
12714.0,France,5,4708.859999999999,2011-11-30 15:43:00,216
15755.0,United Kingdom,6,2364.250000000001,2011-11-29 14:57:00,127
13932.0,United Kingdom,1,307.4,2011-02-18 12:02:00,16
16566.0,United Kingdom,5,614.66,2011-11-24 16:34:00,14
16466.0,United Kingdom,7,1603.46,2011-11-06 11:35:00,103
16115.0,United Kingdom,8,1667.9699999999998,2011-11-30 11:32:00,169
14162.0,United Kingdom,2,289.36,2011-06-19 11:36:00,25
13744.0,United Kingdom,2,1156.3599999999997,2011-09-05 15:19:00,54
17323.0,United Kingdom,7,921.0700000000004,2011-11-24 17:29:00,125
12707.0,France,1,603.42,2011-02-21 08:38:00,33
17361.0,United Kingdom,3,488.20000000000005,2011-10-21 15:43:00,26
15321.0,United Kingdom,3,2748.310000000001,2011-09-30 09:40:00,83
12365.0,Cyprus,2,641.38,2011-02-21 14:04:00,22
13044.0,United Kingdom,1,560.47,2011-02-21 15:20:00,33
16441.0,United Kingdom,2,381.20000000000005,2011-10-03 17:48:00,22
13038.0,United Kingdom,3,908.46,2011-09-20 14:37:00,24
17002.0,United Kingdom,3,1493.7299999999998,2011-09-15 12:40:00,41
17442.0,United Kingdom,6,2248.56,2011-11-03 09:17:00,96
18114.0,United Kingdom,1,220.1,2011-02-22 13:20:00,28
16045.0,United Kingdom,4,1340.7,2011-08-12 12:41:00,71
15397.0,United Kingdom,1,94.0,2011-02-23 09:25:00,6
16394.0,United Kingdom,5,1555.3400000000004,2011-10-14 09:48:00,61
13865.0,United Kingdom,4,501.55999999999995,2011-10-12 13:31:00,26
16940.0,United Kingdom,3,3049.8799999999997,2011-10-18 13:15:00,226
17063.0,United Kingdom,7,1461.1399999999999,2011-11-18 16:19:00,66
18068.0,United Kingdom,1,101.69999999999999,2011-02-23 14:50:00,1
15932.0,United Kingdom,8,2495.870000000001,2011-12-05 17:13:00,93
17139.0,United Kingdom,12,10668.469999999998,2011-11-24 10:12:00,309
15974.0,United Kingdom,7,3442.1499999999996,2011-10-31 13:13:00,141
12582.0,Finland,2,511.3599999999999,2011-04-15 08:45:00,21
17867.0,United Kingdom,6,1197.1,2011-11-09 14:15:00,62
14880.0,United Kingdom,3,706.1900000000002,2011-09-23 13:42:00,45
15121.0,United Kingdom,2,457.72,2011-10-20 14:51:00,28
12945.0,United Kingdom,1,462.94999999999993,2011-02-24 14:15:00,23
16072.0,United Kingdom,1,584.3199999999999,2011-02-24 14:32:00,23
16838.0,United Kingdom,2,588.8500000000001,2011-05-26 13:13:00,24
13501.0,Switzerland,1,1340.3200000000008,2011-02-24 18:59:00,52
13345.0,United Kingdom,1,389.5,2011-02-25 09:01:00,20
13870.0,United Kingdom,8,2770.9399999999996,2011-12-07 13:23:00,91
17034.0,United Kingdom,3,745.52,2011-11-23 15:14:00,28
16592.0,United Kingdom,16,4113.68,2011-12-05 13:49:00,142
14470.0,United Kingdom,2,461.1899999999999,2011-11-28 10:31:00,43
17388.0,United Kingdom,4,1259.56,2011-09-23 10:31:00,13
13753.0,United Kingdom,1,741.2599999999999,2011-02-25 12:48:00,35
13666.0,United Kingdom,3,84.65,2011-10-10 15:39:00,12
12361.0,Belgium,1,189.9,2011-02-25 13:51:00,10
14481.0,United Kingdom,2,636.51,2011-06-28 10:38:00,25
13792.0,United Kingdom,2,195.55,2011-10-04 14:31:00,13
17663.0,United Kingdom,7,1802.9099999999999,2011-11-14 08:56:00,63
13493.0,Switzerland,2,618.63,2011-03-09 15:35:00,6
13684.0,United Kingdom,1,67.23000000000002,2011-02-27 10:13:00,29
14147.0,United Kingdom,2,483.4,2011-09-22 18:10:00,4
14157.0,United Kingdom,2,432.88,2011-11-20 11:32:00,45
13636.0,United Kingdom,5,949.1199999999999,2011-11-03 10:30:00,57
13610.0,United Kingdom,7,1131.88,2011-11-27 15:38:00,165
12781.0,Czech Republic,2,826.74,2011-10-07 10:37:00,25
14036.0,United Kingdom,1,626.65,2011-02-28 09:26:00,38
16057.0,United Kingdom,7,2263.12,2011-11-23 15:23:00,109
15724.0,United Kingdom,2,218.25,2011-05-22 14:40:00,11
12458.0,Switzerland,2,947.4000000000001,2011-09-29 15:25:00,35
16668.0,United Kingdom,6,306.71999999999997,2011-11-24 17:43:00,9
15874.0,United Kingdom,7,4405.879999999999,2011-10-07 12:31:00,110
16339.0,United Kingdom,1,109.95000000000002,2011-02-28 13:41:00,17
14046.0,United Kingdom,1,154.99000000000004,2011-02-28 14:48:00,14
13292.0,United Kingdom,2,578.94,2011-11-01 10:04:00,29
16427.0,United Kingdom,2,241.06,2011-03-21 17:10:00,8
14056.0,United Kingdom,23,8214.649999999981,2011-12-08 13:36:00,320
12811.0,Portugal,3,514.85,2011-03-24 09:42:00,27
16518.0,United Kingdom,2,484.31999999999994,2011-10-09 15:04:00,36
14620.0,United Kingdom,2,412.78000000000003,2011-05-18 11:58:00,26
16462.0,United Kingdom,3,136.0,2011-09-27 10:24:00,1
16078.0,United Kingdom,1,79.2,2011-03-01 09:47:00,1
12933.0,United Kingdom,3,607.5299999999999,2011-11-15 16:38:00,102
15092.0,United Kingdom,2,457.8099999999999,2011-05-08 14:10:00,23
15319.0,United Kingdom,1,204.50000000000009,2011-03-01 12:48:00,16
15257.0,United Kingdom,1,317.15,2011-03-01 12:58:00,7
12866.0,Belgium,1,559.1200000000001,2011-03-01 14:11:00,26
13166.0,United Kingdom,1,417.2,2011-03-01 15:16:00,39
16389.0,United Kingdom,4,1382.07,2011-10-17 14:41:00,33
14292.0,United Kingdom,9,4871.93,2011-12-02 11:50:00,64
15416.0,United Kingdom,4,3984.32,2011-10-06 09:38:00,165
16678.0,United Kingdom,12,3109.99,2011-12-07 12:17:00,92
15067.0,United Kingdom,3,1744.7600000000002,2011-09-22 13:20:00,82
15622.0,United Kingdom,9,3709.560000000002,2011-10-27 16:44:00,169
14473.0,United Kingdom,2,234.34,2011-09-26 15:10:00,7
15104.0,United Kingdom,2,1027.44,2011-05-27 12:29:00,66
15643.0,United Kingdom,3,664.0000000000001,2011-06-01 07:38:00,31
16792.0,United Kingdom,2,110.38000000000001,2011-03-02 14:41:00,11
15636.0,United Kingdom,2,724.7599999999998,2011-09-11 11:17:00,20
12873.0,United Kingdom,1,374.0,2011-03-02 14:58:00,4
17923.0,United Kingdom,1,207.50000000000003,2011-03-02 15:15:00,1
16217.0,United Kingdom,2,304.25000000000006,2011-04-18 13:31:00,13
17738.0,United Kingdom,4,1879.0500000000002,2011-11-20 15:05:00,89
17856.0,United Kingdom,4,1418.0300000000002,2011-12-08 09:40:00,12
16159.0,United Kingdom,1,348.20000000000005,2011-03-03 12:27:00,14
17995.0,United Kingdom,1,76.1,2011-03-03 12:30:00,2
17374.0,United Kingdom,2,495.7699999999998,2011-05-05 09:05:00,24
13476.0,United Kingdom,2,1238.47,2011-06-14 12:00:00,56
12817.0,Austria,1,166.04,2011-03-03 16:28:00,4
13931.0,United Kingdom,2,1237.5300000000002,2011-09-05 10:12:00,56
12541.0,Spain,3,981.1799999999998,2011-11-10 10:40:00,46
13382.0,United Kingdom,1,222.99,2011-03-04 10:03:00,15
14447.0,United Kingdom,5,1163.23,2011-11-21 08:28:00,54
12547.0,Spain,2,207.8,2011-05-26 12:38:00,7
16414.0,United Kingdom,2,126.25,2011-11-18 09:42:00,5
14670.0,United Kingdom,2,411.53000000000003,2011-03-04 14:13:00,107
12584.0,Italy,9,2338.1499999999996,2011-12-06 09:35:00,44
15400.0,United Kingdom,5,716.2,2011-09-08 13:57:00,10
14903.0,United Kingdom,5,2810.63,2011-11-18 16:07:00,227
14499.0,United Kingdom,3,815.3199999999999,2011-11-13 13:01:00,146
18211.0,United Kingdom,5,600.0699999999999,2011-11-14 08:10:00,37
15572.0,United Kingdom,7,2552.8599999999997,2011-12-05 10:09:00,166
14247.0,United Kingdom,1,136.77000000000004,2011-03-06 15:21:00,19
12614.0,Germany,1,315.6,2011-03-07 10:22:00,20
14214.0,United Kingdom,5,1004.3799999999995,2011-11-09 10:31:00,64
16356.0,United Kingdom,3,211.76999999999998,2011-05-26 11:51:00,20
17654.0,United Kingdom,1,117.55000000000003,2011-03-07 13:17:00,22
14817.0,United Kingdom,2,1110.34,2011-05-23 13:35:00,52
16242.0,United Kingdom,7,3603.210000000001,2011-12-01 15:12:00,184
15834.0,United Kingdom,4,2233.75,2011-09-30 14:41:00,242
15764.0,United Kingdom,6,3279.97,2011-09-12 17:58:00,150
15819.0,United Kingdom,4,1905.4500000000003,2011-10-21 14:50:00,96
15944.0,United Kingdom,1,325.09999999999997,2011-03-08 10:33:00,6
13340.0,United Kingdom,7,10736.48,2011-10-25 13:15:00,128
16917.0,United Kingdom,1,391.52,2011-03-08 11:55:00,9
14407.0,United Kingdom,6,2157.7299999999996,2011-08-24 14:02:00,67
13908.0,United Kingdom,4,2369.55,2011-09-21 11:49:00,104
12758.0,Portugal,2,2791.59,2011-08-15 10:22:00,84
13975.0,United Kingdom,6,2526.2800000000007,2011-11-08 13:19:00,240
17639.0,United Kingdom,1,108.5,2011-03-08 15:22:00,7
14507.0,United Kingdom,6,1383.18,2011-11-16 12:21:00,79
12759.0,Netherlands,3,1531.44,2011-10-18 14:49:00,81
14013.0,United Kingdom,3,473.02,2011-08-21 15:01:00,30
14645.0,United Kingdom,2,597.0899999999999,2011-07-06 09:15:00,28
15071.0,United Kingdom,2,982.0699999999999,2011-09-07 11:43:00,25
13026.0,United Kingdom,5,975.3599999999999,2011-12-08 16:58:00,32
12881.0,United Kingdom,1,298.0,2011-03-09 11:44:00,7
14165.0,United Kingdom,1,122.54,2011-03-09 12:39:00,23
15367.0,United Kingdom,4,1877.5900000000001,2011-10-13 14:13:00,91
14291.0,United Kingdom,11,3883.2499999999995,2011-12-08 10:26:00,145
15632.0,United Kingdom,8,3285.3100000000004,2011-11-24 09:51:00,107
18173.0,United Kingdom,4,2106.84,2011-09-14 11:26:00,23
16625.0,United Kingdom,1,333.08000000000004,2011-03-10 12:50:00,23
14064.0,United Kingdom,5,1353.7399999999998,2011-11-10 13:14:00,59
18086.0,United Kingdom,1,101.34,2011-03-10 13:34:00,7
14350.0,United Kingdom,1,282.92999999999995,2011-03-10 14:14:00,18
14930.0,Channel Islands,3,2372.8600000000015,2011-08-23 10:31:00,116
16080.0,United Kingdom,2,217.16,2011-09-19 10:42:00,10
14077.0,United Kingdom,5,499.41999999999985,2011-10-30 12:35:00,33
16475.0,United Kingdom,4,544.3,2011-09-12 14:37:00,23
13265.0,United Kingdom,5,2107.66,2011-10-17 15:02:00,66
15049.0,United Kingdom,1,121.17000000000002,2011-03-11 12:13:00,3
16766.0,United Kingdom,2,1145.6,2011-03-11 15:22:00,17
16801.0,United Kingdom,4,1619.7299999999998,2011-06-29 15:33:00,72
13226.0,United Kingdom,1,108.21000000000001,2011-03-11 14:35:00,16
13043.0,United Kingdom,1,516.4200000000001,2011-03-11 14:52:00,13
15918.0,United Kingdom,2,334.23,2011-06-02 11:42:00,33
15671.0,United Kingdom,7,2657.13,2011-11-21 12:43:00,52
14962.0,United Kingdom,1,126.70000000000002,2011-03-14 09:42:00,5
16807.0,United Kingdom,3,1121.59,2011-07-20 12:00:00,57
15125.0,United Kingdom,15,11528.479999999998,2011-11-14 13:57:00,102
12901.0,United Kingdom,28,17654.54,2011-12-01 10:07:00,30
13452.0,United Kingdom,2,590.0,2011-03-25 14:19:00,1
16005.0,United Kingdom,4,615.3899999999999,2011-11-27 13:47:00,173
13499.0,United Kingdom,5,1159.1100000000001,2011-11-22 11:21:00,31
15047.0,United Kingdom,1,343.61999999999995,2011-03-15 10:49:00,22
17542.0,United Kingdom,1,170.75000000000003,2011-03-15 11:45:00,24
17080.0,United Kingdom,2,287.62,2011-11-17 12:59:00,8
16392.0,United Kingdom,1,221.19000000000003,2011-03-15 12:11:00,41
15106.0,United Kingdom,5,1422.52,2011-11-22 09:16:00,90
16214.0,United Kingdom,3,1062.7499999999998,2011-06-22 11:30:00,36
14226.0,United Kingdom,5,2232.1899999999996,2011-11-11 11:34:00,64
13121.0,United Kingdom,1,283.7299999999999,2011-03-15 16:47:00,50
12994.0,United Kingdom,3,974.4200000000001,2011-12-05 15:43:00,52
12849.0,United Kingdom,2,1050.89,2011-11-08 13:41:00,47
15182.0,United Kingdom,2,622.85,2011-07-08 13:37:00,24
13299.0,United Kingdom,1,142.5,2011-03-16 12:55:00,5
15381.0,United Kingdom,2,596.8499999999999,2011-05-10 11:55:00,8
18189.0,United Kingdom,2,1090.2400000000002,2011-09-23 12:40:00,65
17716.0,United Kingdom,11,5655.990000000001,2011-11-17 12:00:00,171
13533.0,United Kingdom,3,270.7900000000002,2011-06-10 11:54:00,61
16377.0,United Kingdom,1,676.2,2011-03-17 15:41:00,5
16976.0,United Kingdom,1,251.51999999999998,2011-03-17 16:33:00,2
13631.0,United Kingdom,11,3070.42,2011-09-01 09:57:00,6
15648.0,United Kingdom,2,657.35,2011-05-19 15:53:00,23
17725.0,United Kingdom,11,3439.0800000000017,2011-11-23 16:34:00,115
13072.0,United Kingdom,1,177.15000000000003,2011-03-18 08:12:00,7
15695.0,United Kingdom,2,409.97999999999996,2011-03-18 08:32:00,22
14110.0,United Kingdom,12,5683.15,2011-12-06 12:26:00,94
14059.0,United Kingdom,1,183.60000000000002,2011-03-18 10:06:00,8
15483.0,United Kingdom,4,233.81,2011-07-01 13:07:00,74
16626.0,United Kingdom,17,4413.1,2011-12-09 11:56:00,86
15019.0,United Kingdom,1,265.9999999999999,2011-03-18 12:35:00,64
14315.0,United Kingdom,6,2481.1299999999987,2011-10-26 12:06:00,64
17921.0,United Kingdom,4,826.52,2011-10-06 18:56:00,114
14041.0,United Kingdom,1,141.41000000000003,2011-03-18 13:25:00,21
16023.0,United Kingdom,3,719.81,2011-10-24 16:34:00,90
17133.0,United Kingdom,7,4892.24,2011-11-24 12:27:00,13
17043.0,United Kingdom,4,1735.1799999999998,2011-11-07 15:33:00,100
13046.0,United Kingdom,2,629.31,2011-11-09 08:36:00,33
12948.0,United Kingdom,7,2064.9500000000003,2011-11-23 17:10:00,82
14071.0,United Kingdom,8,1438.820000000001,2011-12-06 12:27:00,271
17134.0,United Kingdom,2,425.0,2011-08-25 09:53:00,21
12902.0,United Kingdom,1,138.68,2011-03-20 12:06:00,10
16444.0,United Kingdom,4,654.67,2011-10-24 13:50:00,68
14232.0,United Kingdom,5,2048.0699999999997,2011-10-28 11:09:00,81
14693.0,United Kingdom,1,172.9,2011-03-20 12:50:00,8
12407.0,Belgium,5,1708.1200000000001,2011-10-21 10:11:00,57
13985.0,United Kingdom,15,7060.130000000001,2011-12-05 17:06:00,108
14408.0,United Kingdom,7,2606.5300000000007,2011-11-29 11:41:00,60
15445.0,United Kingdom,1,113.50000000000001,2011-03-20 15:06:00,5
14205.0,United Kingdom,2,466.70000000000005,2011-11-23 10:55:00,23
15452.0,United Kingdom,3,538.73,2011-11-10 12:13:00,47
16619.0,United Kingdom,1,226.20999999999998,2011-03-21 08:18:00,14
14762.0,United Kingdom,1,300.52000000000004,2011-03-21 08:20:00,21
14245.0,United Kingdom,2,1693.4499999999994,2011-05-04 08:40:00,107
15855.0,United Kingdom,5,712.2399999999997,2011-07-26 10:20:00,59
17204.0,United Kingdom,4,1564.5600000000002,2011-06-17 14:46:00,44
16036.0,United Kingdom,2,758.9199999999998,2011-09-13 14:53:00,55
17763.0,United Kingdom,1,15.0,2011-03-21 14:25:00,1
13262.0,United Kingdom,1,200.29,2011-03-21 15:06:00,11
14875.0,United Kingdom,2,1465.3200000000002,2011-08-24 12:20:00,46
15132.0,United Kingdom,5,977.9300000000003,2011-11-21 17:10:00,49
17272.0,United Kingdom,4,2148.63,2011-10-28 16:37:00,70
14377.0,United Kingdom,2,617.05,2011-06-01 13:32:00,11
13196.0,United Kingdom,4,1797.7799999999997,2011-11-28 13:54:00,97
15457.0,United Kingdom,1,237.07000000000002,2011-03-22 15:31:00,56
16721.0,United Kingdom,1,292.46999999999997,2011-03-22 16:08:00,37
12399.0,Belgium,4,1108.65,2011-08-12 13:15:00,47
17102.0,United Kingdom,1,25.5,2011-03-23 10:08:00,1
15410.0,United Kingdom,8,3450.8400000000006,2011-09-16 14:47:00,48
13239.0,United Kingdom,1,329.56,2011-03-23 10:25:00,22
15449.0,United Kingdom,3,974.5199999999999,2011-11-13 15:02:00,47
13821.0,United Kingdom,2,385.64000000000004,2011-07-18 09:49:00,51
17096.0,United Kingdom,4,1022.1300000000001,2011-11-24 15:01:00,46
15245.0,United Kingdom,3,2515.8400000000015,2011-07-28 18:56:00,55
14607.0,United Kingdom,14,16569.5,2011-11-24 10:35:00,38
13249.0,United Kingdom,3,711.4100000000001,2011-09-08 13:26:00,21
15644.0,United Kingdom,4,812.9999999999998,2011-06-26 14:54:00,166
14075.0,United Kingdom,3,942.26,2011-12-05 08:38:00,33
17250.0,United Kingdom,2,384.5200000000001,2011-12-06 12:15:00,55
14129.0,United Kingdom,5,1123.86,2011-12-08 11:02:00,31
15651.0,United Kingdom,3,646.3000000000001,2011-11-03 08:41:00,27
13035.0,United Kingdom,2,921.8800000000002,2011-09-27 08:57:00,23
17698.0,United Kingdom,1,154.95,2011-03-24 11:34:00,8
13736.0,United Kingdom,2,731.8999999999994,2011-12-04 15:19:00,166
12434.0,Australia,2,806.1399999999999,2011-09-16 12:38:00,46
16022.0,United Kingdom,1,628.2800000000001,2011-03-24 13:16:00,68
14235.0,United Kingdom,5,3144.8599999999997,2011-09-25 14:37:00,65
16769.0,United Kingdom,1,380.3899999999999,2011-03-24 13:41:00,33
17754.0,United Kingdom,5,1772.2599999999993,2011-12-09 11:20:00,82
12408.0,Belgium,5,2888.5500000000006,2011-11-07 12:27:00,81
15178.0,United Kingdom,1,40.5,2011-03-24 15:12:00,3
13695.0,United Kingdom,15,2504.1299999999997,2011-11-08 14:26:00,46
17979.0,United Kingdom,4,757.7099999999999,2011-11-04 12:05:00,116
13662.0,United Kingdom,3,897.7600000000001,2011-09-15 12:04:00,50
13743.0,United Kingdom,7,1341.6,2011-12-07 10:09:00,8
16777.0,United Kingdom,2,226.34999999999997,2011-09-20 13:41:00,45
17765.0,United Kingdom,3,371.8799999999998,2011-07-04 12:41:00,51
13760.0,United Kingdom,2,286.78999999999996,2011-10-16 16:13:00,50
15624.0,United Kingdom,4,588.1300000000002,2011-08-15 11:38:00,26
14538.0,United Kingdom,2,388.25,2011-10-06 10:31:00,19
14851.0,United Kingdom,2,511.35000000000014,2011-11-16 14:20:00,28
14021.0,United Kingdom,3,631.9000000000001,2011-07-07 15:46:00,22
18177.0,United Kingdom,6,1341.42,2011-11-08 14:44:00,53
14128.0,United Kingdom,2,637.5,2011-10-10 12:00:00,40
17874.0,United Kingdom,6,683.4600000000002,2011-06-07 12:54:00,37
17719.0,United Kingdom,15,5396.040000000005,2011-11-02 10:36:00,111
16253.0,United Kingdom,2,3683.8599999999988,2011-10-04 09:09:00,114
13439.0,United Kingdom,1,283.71000000000004,2011-03-29 14:20:00,54
12888.0,United Kingdom,2,354.12,2011-05-09 16:02:00,4
13588.0,United Kingdom,9,2478.9499999999985,2011-11-24 10:42:00,131
17594.0,United Kingdom,2,993.1799999999997,2011-09-15 16:34:00,42
16657.0,United Kingdom,4,933.6199999999999,2011-11-30 11:48:00,158
15424.0,United Kingdom,2,383.34,2011-03-30 13:02:00,17
16788.0,United Kingdom,2,597.4799999999994,2011-08-08 14:53:00,138
16584.0,United Kingdom,2,936.08,2011-09-20 13:45:00,25
18108.0,United Kingdom,1,271.0,2011-03-30 13:56:00,17
14272.0,United Kingdom,2,437.96000000000004,2011-09-27 10:08:00,33
15980.0,United Kingdom,3,2398.86,2011-09-12 09:41:00,40
15832.0,United Kingdom,1,836.7899999999998,2011-03-30 15:29:00,54
15528.0,United Kingdom,1,229.32999999999998,2011-03-30 16:14:00,26
16398.0,United Kingdom,2,1705.8000000000004,2011-07-08 15:16:00,75
16386.0,United Kingdom,2,317.20000000000005,2011-11-11 12:28:00,76
13571.0,United Kingdom,12,2092.3199999999993,2011-11-27 10:47:00,157
12619.0,Germany,9,3641.2400000000002,2011-11-23 14:52:00,50
14957.0,United Kingdom,1,58.48999999999999,2011-03-31 17:59:00,12
17781.0,United Kingdom,2,188.01999999999992,2011-07-03 16:00:00,12
16609.0,United Kingdom,7,5493.460000000001,2011-11-24 13:32:00,155
16180.0,United Kingdom,8,10254.179999999998,2011-08-31 16:28:00,90
13462.0,United Kingdom,1,151.5,2011-04-01 11:20:00,9
16960.0,United Kingdom,3,507.05000000000007,2011-11-01 11:35:00,92
17701.0,United Kingdom,1,417.95,2011-04-01 12:25:00,24
14852.0,United Kingdom,6,2836.6899999999996,2011-10-12 13:20:00,96
12569.0,Germany,32,4124.69,2011-12-07 16:24:00,92
16162.0,United Kingdom,1,37.4,2011-04-01 15:03:00,2
15691.0,United Kingdom,1,136.8,2011-04-01 15:13:00,2
14023.0,United Kingdom,2,584.07,2011-12-02 13:58:00,30
17669.0,United Kingdom,7,3406.72,2011-10-28 08:53:00,45
16142.0,United Kingdom,1,535.3399999999999,2011-04-04 10:16:00,37
17648.0,United Kingdom,4,1797.5,2011-10-10 09:41:00,81
13059.0,United Kingdom,1,183.4,2011-04-04 10:40:00,8
16224.0,United Kingdom,4,1295.3000000000002,2011-10-13 17:51:00,90
17886.0,United Kingdom,3,899.61,2011-11-08 10:09:00,93
18185.0,United Kingdom,1,304.25,2011-04-04 13:42:00,17
15756.0,United Kingdom,4,532.9599999999996,2011-10-09 13:30:00,160
14747.0,United Kingdom,1,328.19999999999993,2011-04-04 14:09:00,18
14719.0,United Kingdom,5,1602.1299999999997,2011-12-08 12:43:00,177
16586.0,United Kingdom,1,463.95,2011-04-05 09:32:00,8
16105.0,United Kingdom,1,336.96,2011-04-05 10:13:00,13
15442.0,United Kingdom,1,594.0,2011-04-05 12:24:00,2
14546.0,United Kingdom,5,2578.090000000002,2011-12-04 13:00:00,250
14535.0,United Kingdom,3,2864.1900000000023,2011-10-10 15:39:00,280
16170.0,United Kingdom,6,1885.0499999999995,2011-10-20 08:21:00,106
15145.0,United Kingdom,4,1194.73,2011-12-05 17:21:00,54
17492.0,United Kingdom,1,374.57,2011-04-05 15:21:00,12
17409.0,United Kingdom,2,771.8499999999999,2011-06-08 10:36:00,13
17783.0,United Kingdom,2,283.46999999999986,2011-09-28 16:07:00,67
13863.0,United Kingdom,1,305.7799999999999,2011-04-06 10:20:00,20
13515.0,United Kingdom,4,891.1200000000003,2011-09-28 11:26:00,50
17440.0,United Kingdom,3,186.42,2011-07-06 11:54:00,3
15201.0,United Kingdom,5,1236.5400000000002,2011-09-13 14:53:00,35
16031.0,United Kingdom,2,548.9399999999999,2011-09-08 13:07:00,91
14403.0,United Kingdom,4,1475.8100000000002,2011-08-01 12:57:00,17
17042.0,United Kingdom,5,1044.3800000000003,2011-12-07 12:26:00,74
13771.0,United Kingdom,4,2634.45,2011-10-06 14:18:00,114
17906.0,United Kingdom,1,72.89999999999999,2011-04-06 17:25:00,12
16144.0,United Kingdom,1,175.2,2011-04-07 10:09:00,1
13731.0,United Kingdom,2,610.5899999999998,2011-05-04 14:33:00,36
16209.0,United Kingdom,5,2262.6199999999994,2011-09-12 11:58:00,37
15754.0,United Kingdom,3,458.56999999999994,2011-10-19 14:40:00,24
13712.0,United Kingdom,1,228.84,2011-04-07 12:33:00,10
15800.0,United Kingdom,2,699.0800000000005,2011-08-24 14:23:00,116
16469.0,United Kingdom,4,650.4299999999998,2011-11-16 12:25:00,148
13005.0,United Kingdom,2,513.7,2011-06-19 10:53:00,21
14981.0,United Kingdom,1,102.12,2011-04-07 13:45:00,8
17928.0,United Kingdom,2,212.54,2011-10-25 13:52:00,23
14619.0,United Kingdom,1,394.43999999999994,2011-04-08 07:37:00,20
16643.0,United Kingdom,1,487.51000000000005,2011-04-08 08:24:00,27
14246.0,United Kingdom,3,1474.0600000000004,2011-08-21 11:50:00,57
18040.0,United Kingdom,2,357.20000000000005,2011-11-20 14:20:00,18
16837.0,United Kingdom,11,3170.9800000000005,2011-11-08 14:27:00,123
15119.0,United Kingdom,1,266.40000000000003,2011-04-08 09:08:00,14
14924.0,United Kingdom,1,310.05,2011-04-08 09:25:00,10
15109.0,United Kingdom,1,484.95000000000005,2011-04-08 09:58:00,28
12717.0,Greece,2,1030.98,2011-07-11 14:47:00,49
18036.0,United Kingdom,3,405.61999999999995,2011-11-07 14:40:00,77
14958.0,United Kingdom,3,499.67999999999995,2011-07-15 14:20:00,33
17268.0,United Kingdom,4,763.64,2011-08-24 10:06:00,3
13548.0,United Kingdom,2,682.4100000000001,2011-09-04 14:50:00,114
13508.0,United Kingdom,1,110.97000000000001,2011-04-10 11:58:00,12
13232.0,United Kingdom,7,1357.6000000000006,2011-11-27 10:39:00,147
15665.0,United Kingdom,2,2242.010000000001,2011-06-24 14:57:00,92
17550.0,United Kingdom,3,267.16000000000014,2011-05-26 14:09:00,42
17574.0,United Kingdom,1,185.64999999999998,2011-04-11 09:47:00,8
15737.0,United Kingdom,8,1205.12,2011-11-25 11:21:00,60
18080.0,United Kingdom,2,1231.5,2011-11-21 08:02:00,2
12596.0,Spain,2,618.27,2011-10-19 13:02:00,25
14273.0,United Kingdom,4,559.9700000000001,2011-10-19 13:20:00,22
13549.0,United Kingdom,7,918.1999999999998,2011-11-14 09:20:00,37
15414.0,United Kingdom,3,774.9000000000001,2011-11-30 09:50:00,37
13203.0,United Kingdom,4,869.4599999999998,2011-11-30 10:45:00,56
14628.0,United Kingdom,2,671.96,2011-09-09 14:58:00,22
13655.0,United Kingdom,2,932.9700000000001,2011-08-17 14:25:00,52
12910.0,United Kingdom,8,3075.0400000000004,2011-11-16 14:28:00,48
14111.0,United Kingdom,4,692.85,2011-11-25 13:44:00,10
12463.0,Belgium,4,1344.78,2011-10-17 13:44:00,65
14844.0,United Kingdom,4,3189.8100000000004,2011-10-07 10:41:00,87
17278.0,United Kingdom,1,246.04000000000002,2011-04-12 13:10:00,15
15212.0,United Kingdom,1,101.79999999999998,2011-04-12 13:45:00,5
14998.0,United Kingdom,2,429.8699999999999,2011-06-22 17:30:00,70
14931.0,Channel Islands,5,1257.6799999999998,2011-12-05 10:19:00,30
13740.0,United Kingdom,1,350.75000000000006,2011-04-13 10:32:00,23
15230.0,United Kingdom,2,429.6,2011-04-14 14:39:00,23
16309.0,United Kingdom,2,706.5700000000003,2011-08-25 15:35:00,39
13544.0,United Kingdom,2,291.41,2011-10-31 11:57:00,76
14262.0,United Kingdom,8,2618.2300000000005,2011-12-01 14:17:00,87
13134.0,United Kingdom,4,1793.58,2011-09-15 10:35:00,94
17589.0,United Kingdom,4,2404.17,2011-10-10 16:58:00,172
16097.0,United Kingdom,1,185.05,2011-04-13 13:47:00,10
13122.0,United Kingdom,2,922.3900000000001,2011-09-06 15:53:00,54
17746.0,United Kingdom,1,110.25,2011-04-13 14:31:00,6
16175.0,United Kingdom,4,1037.59,2011-09-06 14:32:00,45
16348.0,United Kingdom,7,1469.4499999999998,2011-11-07 15:44:00,157
15147.0,United Kingdom,1,623.5,2011-04-13 15:57:00,28
16131.0,United Kingdom,6,3506.54,2011-10-19 11:53:00,55
15813.0,United Kingdom,2,1303.9099999999999,2011-05-16 08:13:00,40
17058.0,United Kingdom,3,1179.8899999999999,2011-09-19 10:13:00,51
17704.0,United Kingdom,2,885.19,2011-06-24 09:40:00,27
13772.0,United Kingdom,3,1132.1299999999999,2011-11-06 11:43:00,141
16933.0,United Kingdom,2,563.2299999999999,2011-12-08 12:54:00,42
17930.0,United Kingdom,5,1740.48,2011-11-04 10:23:00,26
14154.0,United Kingdom,2,1345.6200000000003,2011-04-14 16:26:00,52
14163.0,United Kingdom,4,2445.9100000000003,2011-09-13 15:18:00,36
17601.0,United Kingdom,1,116.00999999999999,2011-04-14 18:02:00,9
17142.0,United Kingdom,1,579.0,2011-04-14 18:22:00,15
13811.0,Germany,3,814.5,2011-06-09 09:54:00,7
13952.0,United Kingdom,2,3251.0710000000013,2011-05-06 09:00:00,120
12769.0,Brazil,1,1143.6,2011-04-15 10:25:00,32
18079.0,United Kingdom,4,3651.97,2011-10-25 15:27:00,99
12639.0,Sweden,1,486.09999999999997,2011-04-15 12:48:00,22
14700.0,United Kingdom,3,2235.3,2011-11-07 14:40:00,80
17367.0,United Kingdom,1,168.4,2011-04-15 14:21:00,33
15985.0,United Kingdom,2,1142.4200000000003,2011-08-08 16:31:00,29
13692.0,United Kingdom,3,1488.3200000000002,2011-11-15 11:17:00,48
15745.0,United Kingdom,4,1094.5900000000001,2011-11-20 13:45:00,57
17697.0,United Kingdom,1,338.95000000000005,2011-04-17 15:40:00,19
16639.0,United Kingdom,3,1257.5099999999998,2011-11-08 13:20:00,48
16617.0,United Kingdom,1,151.85,2011-04-18 10:35:00,5
16399.0,United Kingdom,2,408.57,2011-11-20 16:12:00,68
18064.0,United Kingdom,2,814.0,2011-07-29 16:39:00,7
13647.0,United Kingdom,4,1678.1200000000001,2011-11-30 12:00:00,65
13719.0,United Kingdom,5,1041.6799999999998,2011-11-24 15:26:00,56
14152.0,United Kingdom,2,621.2900000000001,2011-09-25 12:54:00,47
12733.0,USA,1,383.95000000000005,2011-04-19 16:19:00,22
15436.0,United Kingdom,3,1122.53,2011-11-27 16:05:00,243
17217.0,United Kingdom,1,113.5,2011-04-19 17:19:00,9
17734.0,United Kingdom,3,700.6299999999999,2011-10-17 12:33:00,40
17548.0,United Kingdom,1,103.3,2011-04-20 12:01:00,5
16103.0,United Kingdom,6,1429.6399999999999,2011-12-02 14:16:00,30
14868.0,United Kingdom,8,2953.59,2011-12-06 14:49:00,96
13485.0,United Kingdom,1,454.2399999999999,2011-04-20 13:58:00,23
15517.0,United Kingdom,1,267.0300000000001,2011-04-20 14:02:00,27
17588.0,United Kingdom,3,1240.1999999999998,2011-08-31 13:37:00,19
14759.0,United Kingdom,3,1625.9699999999998,2011-12-05 12:03:00,92
16185.0,United Kingdom,2,529.41,2011-11-23 09:41:00,31
13505.0,Switzerland,4,4393.629999999999,2011-09-28 11:56:00,182
17718.0,United Kingdom,1,139.35,2011-04-21 13:39:00,6
17109.0,United Kingdom,6,885.0399999999997,2011-11-10 16:59:00,107
16750.0,United Kingdom,5,623.93,2011-10-26 12:48:00,74
13482.0,United Kingdom,1,184.64,2011-04-21 17:03:00,11
14512.0,United Kingdom,2,275.28,2011-06-05 12:39:00,19
17670.0,United Kingdom,1,205.70000000000002,2011-04-26 09:12:00,11
16942.0,United Kingdom,9,1920.5899999999992,2011-11-27 12:40:00,159
14640.0,United Kingdom,6,2125.0799999999995,2011-11-15 13:07:00,87
16823.0,United Kingdom,1,358.3800000000001,2011-04-26 15:00:00,34
12573.0,France,1,160.54000000000002,2011-04-26 15:52:00,26
17854.0,United Kingdom,2,311.26,2011-06-07 16:21:00,15
18220.0,United Kingdom,1,305.28000000000003,2011-04-27 09:03:00,2
17436.0,United Kingdom,2,216.3,2011-12-08 12:30:00,7
12840.0,United Kingdom,4,2726.7699999999995,2011-07-19 09:29:00,67
17187.0,United Kingdom,1,203.95,2011-04-27 12:39:00,10
15768.0,United Kingdom,3,621.8299999999999,2011-08-16 10:48:00,23
16637.0,United Kingdom,4,1154.4700000000003,2011-11-07 13:17:00,66
14240.0,United Kingdom,2,890.3399999999999,2011-11-09 13:45:00,37
15143.0,United Kingdom,1,259.45000000000005,2011-04-28 12:03:00,14
13229.0,United Kingdom,1,160.95000000000002,2011-04-28 12:07:00,10
15952.0,United Kingdom,4,806.5699999999998,2011-11-06 11:18:00,65
17893.0,United Kingdom,1,112.25000000000001,2011-04-28 13:50:00,15
14022.0,United Kingdom,1,440.00000000000006,2011-04-28 14:39:00,28
14304.0,United Kingdom,1,383.45,2011-05-01 11:50:00,17
17501.0,United Kingdom,2,288.59999999999997,2011-05-03 09:47:00,18
14191.0,United Kingdom,13,4684.760000000001,2011-12-08 09:23:00,145
15582.0,United Kingdom,3,682.91,2011-11-15 09:55:00,39
16230.0,United Kingdom,2,542.03,2011-06-03 10:06:00,32
18146.0,United Kingdom,2,160.35,2011-07-22 12:08:00,10
15976.0,United Kingdom,2,430.9399999999997,2011-06-27 13:00:00,83
15128.0,United Kingdom,4,1471.0000000000005,2011-10-10 13:54:00,74
16094.0,United Kingdom,4,1078.2299999999998,2011-11-28 12:45:00,48
17384.0,United Kingdom,2,336.4,2011-11-20 15:48:00,12
16990.0,United Kingdom,1,179.0,2011-05-05 08:30:00,1
12593.0,France,3,418.09999999999997,2011-08-23 12:43:00,14
14340.0,United Kingdom,1,134.7,2011-05-05 09:44:00,6
13711.0,United Kingdom,2,252.06,2011-05-05 10:31:00,11
14199.0,United Kingdom,1,185.39999999999998,2011-05-05 13:44:00,2
17522.0,United Kingdom,5,1070.71,2011-12-08 12:31:00,59
14393.0,United Kingdom,1,67.95,2011-05-05 18:16:00,5
13450.0,United Kingdom,6,2043.7200000000003,2011-11-13 11:54:00,32
17423.0,United Kingdom,2,698.41,2011-10-24 13:36:00,26
18241.0,United Kingdom,17,2073.090000000001,2011-11-30 12:10:00,60
16319.0,United Kingdom,1,404.40000000000003,2011-05-06 11:27:00,3
17174.0,United Kingdom,1,59.9,2011-05-06 11:47:00,4
13365.0,United Kingdom,2,2225.3700000000003,2011-11-06 12:36:00,122
14145.0,United Kingdom,4,3742.2,2011-10-24 12:10:00,6
18235.0,United Kingdom,3,1796.48,2011-09-29 08:27:00,100
16832.0,United Kingdom,3,199.15,2011-06-08 15:36:00,11
15258.0,United Kingdom,2,623.1599999999999,2011-06-24 12:30:00,32
15552.0,United Kingdom,1,90.12,2011-05-06 14:47:00,17
18170.0,United Kingdom,3,980.3099999999998,2011-11-06 14:35:00,29
14005.0,United Kingdom,5,2874.72,2011-11-30 12:41:00,53
15561.0,United Kingdom,4,800.5900000000001,2011-11-28 11:07:00,27
13561.0,United Kingdom,1,141.86,2011-05-08 12:39:00,14
15704.0,United Kingdom,4,2293.62,2011-07-22 13:35:00,79
16232.0,United Kingdom,4,990.88,2011-10-27 12:16:00,24
13835.0,United Kingdom,4,834.5699999999999,2011-11-14 15:37:00,48
14353.0,United Kingdom,1,90.6,2011-05-08 16:06:00,6
12700.0,France,4,4939.989999999999,2011-12-02 10:47:00,193
13003.0,United Kingdom,3,149.05,2011-08-26 10:50:00,4
16756.0,United Kingdom,1,239.39999999999998,2011-05-09 09:33:00,13
18120.0,United Kingdom,1,111.15,2011-05-09 13:45:00,17
12821.0,United Kingdom,1,92.72,2011-05-09 15:51:00,6
13320.0,United Kingdom,4,1548.7000000000003,2011-09-22 18:07:00,77
18242.0,United Kingdom,4,2232.4899999999993,2011-09-28 13:43:00,72
15865.0,United Kingdom,3,895.1299999999999,2011-10-30 12:43:00,37
17597.0,United Kingdom,1,2044.3700000000001,2011-05-10 11:54:00,55
13242.0,United Kingdom,3,270.40000000000003,2011-08-19 12:53:00,12
14591.0,United Kingdom,4,1447.14,2011-11-24 13:57:00,138
12749.0,United Kingdom,5,4090.8800000000006,2011-12-06 09:56:00,160
16320.0,Unspecified,2,1038.4599999999998,2011-06-20 15:25:00,56
14691.0,United Kingdom,5,2114.3299999999995,2011-11-09 12:30:00,50
14920.0,United Kingdom,2,977.7699999999999,2011-05-11 10:32:00,57
13404.0,United Kingdom,2,252.49,2011-12-08 15:37:00,11
14731.0,United Kingdom,3,380.02,2011-10-23 15:54:00,38
17664.0,United Kingdom,2,604.6400000000001,2011-11-21 11:29:00,41
14649.0,United Kingdom,4,1417.29,2011-12-05 12:30:00,148
12649.0,Germany,3,623.5100000000001,2011-08-24 14:41:00,28
13235.0,United Kingdom,1,1031.0699999999997,2011-05-11 17:13:00,53
14421.0,United Kingdom,2,813.11,2011-10-13 13:24:00,25
16116.0,United Kingdom,1,612.7799999999999,2011-05-12 12:01:00,34
14988.0,United Kingdom,1,334.53999999999985,2011-05-12 12:05:00,40
16006.0,United Kingdom,1,101.39999999999999,2011-05-12 13:12:00,8
16184.0,United Kingdom,6,1158.7900000000002,2011-10-06 17:43:00,26
17932.0,United Kingdom,3,1331.57,2011-11-10 19:49:00,84
12590.0,Germany,2,9864.26,2011-05-12 14:52:00,68
14853.0,United Kingdom,2,475.79999999999995,2011-11-15 16:56:00,8
17658.0,United Kingdom,2,595.4200000000001,2011-11-14 12:07:00,17
17764.0,United Kingdom,2,818.8200000000002,2011-10-20 11:03:00,71
14000.0,United Kingdom,1,635.6600000000001,2011-05-12 16:50:00,15
12757.0,Portugal,13,7857.100000000005,2011-11-24 12:30:00,237
17970.0,United Kingdom,1,582.59,2011-05-12 20:03:00,27
12770.0,Japan,1,1351.4499999999998,2011-05-13 09:33:00,12
15907.0,United Kingdom,3,967.4499999999992,2011-12-06 12:21:00,175
12695.0,France,4,582.0999999999999,2011-12-02 13:22:00,23
14689.0,United Kingdom,1,112.80000000000001,2011-05-15 11:22:00,13
15440.0,United Kingdom,3,383.68000000000006,2011-10-16 12:16:00,50
15333.0,United Kingdom,1,1028.56,2011-05-15 13:27:00,16
16283.0,United Kingdom,5,1570.8099999999995,2011-12-04 12:08:00,117
12871.0,United Kingdom,2,380.64,2011-09-16 15:07:00,8
14489.0,United Kingdom,1,463.38000000000005,2011-05-16 14:51:00,30
14888.0,United Kingdom,1,369.2,2011-05-16 14:58:00,20
13456.0,United Kingdom,6,1766.72,2011-11-22 09:18:00,43
17898.0,United Kingdom,2,152.05999999999997,2011-09-15 14:56:00,27
16139.0,United Kingdom,3,635.41,2011-11-21 08:37:00,25
15730.0,United Kingdom,3,1120.88,2011-10-05 12:31:00,68
16266.0,United Kingdom,7,861.8899999999998,2011-09-27 12:08:00,44
15123.0,United Kingdom,2,2199.3099999999995,2011-12-02 13:12:00,93
17702.0,United Kingdom,4,1824.3700000000003,2011-11-09 16:03:00,58
17505.0,United Kingdom,2,1145.8399999999997,2011-07-01 12:50:00,48
16818.0,United Kingdom,11,3349.5700000000006,2011-11-29 10:41:00,172
13572.0,United Kingdom,1,1384.2500000000002,2011-05-18 11:59:00,32
16987.0,United Kingdom,7,1625.0500000000002,2011-12-06 17:26:00,74
15116.0,United Kingdom,4,1352.75,2011-11-22 12:25:00,37
17469.0,United Kingdom,5,1870.969999999999,2011-11-23 13:15:00,61
17245.0,United Kingdom,1,171.45,2011-05-19 10:43:00,9
16008.0,United Kingdom,3,478.78,2011-11-16 10:32:00,29
15599.0,United Kingdom,2,761.7400000000001,2011-11-13 11:44:00,50
15791.0,United Kingdom,2,1612.6900000000003,2011-10-27 10:14:00,66
13887.0,United Kingdom,1,349.55000000000007,2011-05-19 17:22:00,19
13391.0,United Kingdom,1,59.8,2011-05-20 10:50:00,1
13856.0,United Kingdom,3,388.5,2011-06-24 10:03:00,10
18048.0,United Kingdom,2,172.29000000000002,2011-05-20 14:58:00,6
16038.0,United Kingdom,3,471.78,2011-12-02 12:40:00,24
13657.0,United Kingdom,2,382.14,2011-11-29 12:32:00,16
17176.0,United Kingdom,1,306.13,2011-05-22 12:41:00,15
14921.0,United Kingdom,2,1316.0700000000002,2011-11-09 13:17:00,78
14647.0,United Kingdom,1,243.22000000000003,2011-05-22 13:40:00,24
12710.0,Germany,3,1149.02,2011-09-04 12:00:00,75
15292.0,United Kingdom,1,180.93999999999997,2011-05-22 15:00:00,24
17715.0,United Kingdom,1,326.4,2011-05-23 12:32:00,1
15734.0,United Kingdom,2,1339.45,2011-08-17 10:50:00,25
13737.0,United Kingdom,1,339.6,2011-05-23 16:32:00,29
13213.0,United Kingdom,5,1520.5799999999995,2011-10-14 11:42:00,82
15314.0,United Kingdom,1,327.97,2011-05-24 14:39:00,24
17521.0,United Kingdom,3,723.2099999999998,2011-11-10 11:22:00,38
15042.0,United Kingdom,1,135.92999999999998,2011-05-24 16:25:00,5
15804.0,United Kingdom,13,4206.389999999999,2011-12-09 12:31:00,170
14593.0,United Kingdom,3,617.99,2011-11-18 12:48:00,127
14705.0,United Kingdom,1,179.0,2011-05-25 12:39:00,1
14522.0,United Kingdom,4,974.5399999999998,2011-11-15 13:24:00,15
16448.0,United Kingdom,1,188.89000000000001,2011-05-25 16:28:00,19
16624.0,United Kingdom,2,810.57,2011-09-20 12:39:00,44
14338.0,United Kingdom,2,588.2199999999999,2011-07-01 14:08:00,30
15402.0,United Kingdom,2,626.77,2011-07-14 12:17:00,35
12426.0,Germany,1,582.73,2011-05-29 12:26:00,30
14451.0,United Kingdom,2,662.5899999999999,2011-10-10 13:38:00,86
15897.0,United Kingdom,2,222.05000000000004,2011-05-29 13:50:00,17
17051.0,United Kingdom,1,247.13999999999996,2011-05-29 14:13:00,40
15925.0,United Kingdom,1,207.15000000000003,2011-05-29 15:35:00,12
15863.0,United Kingdom,2,68.84,2011-11-14 12:49:00,18
16483.0,United Kingdom,1,139.35,2011-05-31 13:08:00,19
13398.0,United Kingdom,1,457.34000000000003,2011-05-31 13:17:00,26
15124.0,United Kingdom,2,184.19,2011-11-17 10:09:00,14
12473.0,Germany,5,3938.5499999999997,2011-11-10 13:46:00,140
16969.0,United Kingdom,3,650.4100000000001,2011-10-31 13:12:00,42
13917.0,United Kingdom,2,272.03999999999996,2011-10-21 09:56:00,16
14389.0,United Kingdom,2,1043.46,2011-10-05 15:17:00,33
17900.0,United Kingdom,2,112.19999999999999,2011-06-02 14:38:00,4
13437.0,United Kingdom,7,3408.060000000001,2011-11-25 14:00:00,143
16529.0,United Kingdom,1,455.24999999999994,2011-06-02 17:23:00,30
17531.0,United Kingdom,1,296.70000000000005,2011-06-02 19:17:00,14
16117.0,United Kingdom,1,232.20999999999998,2011-06-03 11:42:00,30
13248.0,United Kingdom,2,465.67999999999995,2011-08-07 12:40:00,25
16659.0,United Kingdom,1,39.12,2011-06-03 15:03:00,2
13131.0,United Kingdom,3,1073.3000000000002,2011-11-16 13:21:00,30
16682.0,United Kingdom,5,1028.0,2011-12-05 12:13:00,15
13682.0,United Kingdom,1,59.5,2011-06-05 14:06:00,3
15152.0,United Kingdom,13,4745.6900000000005,2011-11-30 12:32:00,196
15462.0,United Kingdom,3,234.60000000000002,2011-09-06 13:11:00,9
12449.0,Belgium,4,4067.2900000000004,2011-11-17 13:46:00,118
15073.0,United Kingdom,3,1043.4099999999999,2011-11-30 10:44:00,31
12535.0,France,2,716.35,2011-09-09 08:48:00,28
17252.0,United Kingdom,2,353.85999999999984,2011-08-15 09:45:00,86
14542.0,United Kingdom,1,103.25000000000001,2011-06-07 08:19:00,5
18072.0,United Kingdom,1,247.44,2011-06-07 10:44:00,18
13643.0,United Kingdom,3,519.44,2011-11-08 15:37:00,24
15969.0,United Kingdom,3,666.0999999999999,2011-12-07 11:06:00,20
13283.0,United Kingdom,2,93.66,2011-10-11 09:50:00,7
14375.0,United Kingdom,1,257.67999999999995,2011-06-07 13:44:00,57
17987.0,United Kingdom,1,198.57,2011-06-07 14:22:00,13
17828.0,Malta,4,1820.0899999999997,2011-11-17 08:41:00,54
15743.0,United Kingdom,4,784.4599999999998,2011-11-23 17:19:00,59
17414.0,United Kingdom,2,778.0,2011-10-27 12:13:00,5
14622.0,United Kingdom,1,320.58000000000004,2011-06-08 12:42:00,21
15609.0,United Kingdom,1,298.48,2011-06-08 13:00:00,16
16872.0,United Kingdom,3,680.02,2011-09-23 16:05:00,5
15238.0,United Kingdom,3,1071.9900000000002,2011-11-10 14:28:00,49
13115.0,United Kingdom,4,2294.7800000000007,2011-11-28 12:38:00,88
13466.0,United Kingdom,1,307.90000000000003,2011-06-08 16:39:00,17
17360.0,United Kingdom,3,585.79,2011-11-22 13:11:00,113
13510.0,United Kingdom,4,1791.5599999999995,2011-12-08 13:46:00,86
14963.0,United Kingdom,5,1487.800000000001,2011-11-30 12:16:00,149
17169.0,United Kingdom,2,835.7800000000002,2011-10-13 10:25:00,51
16113.0,United Kingdom,1,161.38000000000002,2011-06-09 16:16:00,30
16614.0,United Kingdom,1,506.1899999999999,2011-06-10 11:36:00,26
12409.0,Switzerland,3,11072.670000000002,2011-09-22 10:38:00,91
15411.0,United Kingdom,4,1358.88,2011-11-13 15:19:00,86
14178.0,United Kingdom,7,1620.9299999999996,2011-12-01 12:01:00,191
18281.0,United Kingdom,1,80.82,2011-06-12 10:53:00,7
13617.0,United Kingdom,3,544.1800000000001,2011-10-30 13:50:00,31
17242.0,United Kingdom,2,1135.0399999999997,2011-08-23 14:55:00,30
16794.0,United Kingdom,10,1222.7100000000007,2011-12-08 17:54:00,142
13761.0,United Kingdom,2,1070.6499999999999,2011-10-20 14:01:00,68
14177.0,United Kingdom,4,559.41,2011-09-14 15:11:00,37
12732.0,France,1,236.26,2011-06-13 11:33:00,12
16205.0,United Kingdom,4,761.3799999999999,2011-11-09 09:32:00,73
15036.0,United Kingdom,3,465.55,2011-09-28 15:42:00,107
13589.0,United Kingdom,2,379.65000000000003,2011-11-25 12:10:00,21
17579.0,United Kingdom,3,448.90000000000003,2011-12-05 12:28:00,46
15069.0,United Kingdom,1,1109.53,2011-06-13 14:16:00,70
17349.0,United Kingdom,1,110.75,2011-06-13 14:29:00,8
14503.0,United Kingdom,6,3543.2600000000007,2011-12-06 13:30:00,113
17101.0,United Kingdom,4,1621.73,2011-11-29 13:57:00,28
16461.0,United Kingdom,1,151.42,2011-06-15 12:07:00,31
12624.0,France,2,641.13,2011-08-25 15:04:00,36
18165.0,United Kingdom,1,302.46000000000004,2011-06-15 13:23:00,10
14222.0,United Kingdom,1,683.17,2011-06-15 16:42:00,41
15585.0,United Kingdom,1,455.2999999999999,2011-06-16 08:38:00,31
17490.0,United Kingdom,7,2092.3199999999997,2011-12-09 09:08:00,63
16739.0,United Kingdom,1,323.00000000000006,2011-06-16 09:17:00,13
17193.0,United Kingdom,7,1699.3,2011-11-04 12:47:00,17
13826.0,United Kingdom,1,189.5,2011-06-16 13:48:00,10
13575.0,United Kingdom,5,732.0699999999998,2011-11-16 13:14:00,41
17157.0,United Kingdom,2,319.0,2011-12-02 09:10:00,11
16852.0,United Kingdom,2,144.91,2011-11-29 13:22:00,9
15219.0,United Kingdom,1,305.75,2011-06-16 16:57:00,9
15909.0,United Kingdom,1,191.94,2011-06-19 10:38:00,7
13618.0,United Kingdom,1,177.34000000000003,2011-06-19 11:09:00,13
16050.0,United Kingdom,1,137.9,2011-06-19 11:44:00,10
17879.0,United Kingdom,1,178.51999999999998,2011-06-19 12:36:00,6
17562.0,United Kingdom,7,1122.3799999999999,2011-11-25 14:21:00,48
12450.0,Spain,2,197.88,2011-07-06 14:41:00,7
13568.0,United Kingdom,1,192.85000000000002,2011-06-19 14:42:00,41
14820.0,United Kingdom,4,507.2900000000001,2011-11-18 15:41:00,24
17299.0,United Kingdom,4,669.1100000000001,2011-11-28 12:01:00,50
12837.0,United Kingdom,1,134.10000000000002,2011-06-19 16:07:00,12
15076.0,United Kingdom,1,880.8499999999999,2011-06-20 08:23:00,49
17444.0,Canada,3,2940.0400000000004,2011-07-15 12:05:00,132
15921.0,United Kingdom,1,336.0299999999999,2011-06-20 11:03:00,24
15747.0,United Kingdom,3,974.04,2011-11-27 12:26:00,52
15840.0,United Kingdom,2,355.55999999999995,2011-10-12 09:08:00,26
15016.0,United Kingdom,1,170.04,2011-06-20 12:06:00,20
14808.0,United Kingdom,8,2741.1699999999983,2011-10-31 12:21:00,176
12904.0,United Kingdom,2,509.58,2011-11-21 14:34:00,59
15825.0,United Kingdom,1,532.9399999999999,2011-06-20 13:27:00,20
15389.0,United Kingdom,1,500.0,2011-06-20 16:18:00,1
15280.0,United Kingdom,1,113.12000000000002,2011-06-20 17:14:00,16
12830.0,United Kingdom,6,6814.640000000001,2011-11-02 11:54:00,13
18252.0,United Kingdom,2,526.6699999999998,2011-10-20 12:43:00,90
17960.0,United Kingdom,1,73.78000000000002,2011-06-21 14:15:00,26
16114.0,United Kingdom,1,135.75000000000003,2011-06-22 10:13:00,8
13420.0,United Kingdom,2,159.85,2011-07-13 08:48:00,8
13780.0,United Kingdom,2,360.01,2011-12-02 13:49:00,56
16247.0,United Kingdom,1,114.56,2011-06-22 14:23:00,16
15041.0,United Kingdom,1,180.3500000000001,2011-06-22 16:16:00,66
12919.0,United Kingdom,6,1335.19,2011-12-01 13:47:00,34
17370.0,United Kingdom,4,446.18,2011-09-28 10:14:00,31
17709.0,United Kingdom,1,137.45,2011-06-23 11:55:00,7
13300.0,United Kingdom,1,371.89000000000004,2011-06-23 13:09:00,20
12465.0,Belgium,2,742.19,2011-11-22 16:34:00,46
13937.0,United Kingdom,1,158.85,2011-06-23 16:35:00,9
15850.0,United Kingdom,2,238.85000000000005,2011-11-20 14:14:00,87
15186.0,United Kingdom,2,411.41,2011-11-25 14:58:00,17
14795.0,United Kingdom,1,131.45,2011-06-26 13:04:00,6
17768.0,United Kingdom,3,2273.1800000000007,2011-12-01 13:22:00,77
18112.0,United Kingdom,2,352.69,2011-11-27 14:43:00,26
12548.0,Spain,1,95.19999999999999,2011-06-26 15:35:00,5
17386.0,United Kingdom,6,2686.42,2011-12-02 11:28:00,23
14104.0,United Kingdom,2,216.20999999999998,2011-07-08 12:50:00,21
17110.0,United Kingdom,1,163.3,2011-06-27 12:58:00,12
13895.0,United Kingdom,4,2593.0700000000006,2011-11-11 16:57:00,97
16545.0,United Kingdom,1,339.3,2011-06-28 10:37:00,3
16671.0,United Kingdom,3,1692.27,2011-11-11 13:40:00,3
14351.0,United Kingdom,1,51.0,2011-06-28 11:56:00,1
17391.0,United Kingdom,2,508.8,2011-06-29 09:58:00,2
17750.0,United Kingdom,9,1797.5700000000006,2011-12-04 14:09:00,101
16200.0,United Kingdom,2,1080.6199999999994,2011-12-05 14:40:00,149
14383.0,United Kingdom,3,1247.69,2011-11-01 15:53:00,49
13461.0,United Kingdom,3,1445.0,2011-11-01 09:01:00,14
17837.0,United Kingdom,8,1593.38,2011-10-28 16:13:00,110
12424.0,Australia,2,1760.9599999999998,2011-06-30 12:06:00,30
15578.0,United Kingdom,1,127.10000000000001,2011-06-30 13:03:00,13
16498.0,United Kingdom,2,100.97,2011-07-01 15:07:00,15
17891.0,United Kingdom,1,203.85999999999999,2011-06-30 20:08:00,34
17123.0,United Kingdom,1,345.3,2011-07-01 10:47:00,9
13730.0,United Kingdom,2,752.5999999999998,2011-07-27 08:35:00,38
12922.0,United Kingdom,1,405.38000000000005,2011-07-01 15:35:00,28
16009.0,United Kingdom,4,992.7099999999998,2011-11-17 16:51:00,68
17939.0,United Kingdom,1,99.14,2011-07-03 12:27:00,12
18265.0,United Kingdom,2,801.5100000000001,2011-09-28 14:10:00,44
13338.0,United Kingdom,1,487.02,2011-07-05 09:06:00,19
16616.0,United Kingdom,2,500.41999999999996,2011-11-24 16:31:00,31
16338.0,United Kingdom,1,214.8,2011-07-05 13:56:00,11
17046.0,United Kingdom,1,642.0200000000001,2011-07-05 14:24:00,22
16829.0,United Kingdom,1,197.21999999999997,2011-07-06 10:48:00,11
14002.0,United Kingdom,2,529.7300000000001,2011-07-28 15:55:00,47
12977.0,United Kingdom,1,39.239999999999995,2011-07-06 16:40:00,9
13291.0,United Kingdom,1,361.10999999999996,2011-07-07 10:36:00,41
13583.0,United Kingdom,1,781.0300000000001,2011-07-07 10:40:00,53
16929.0,United Kingdom,7,1295.3900000000003,2011-12-06 08:37:00,51
17892.0,United Kingdom,3,244.10000000000002,2011-10-14 16:49:00,27
14459.0,United Kingdom,1,1837.9200000000003,2011-07-07 13:35:00,37
13681.0,United Kingdom,4,827.8300000000002,2011-11-22 11:13:00,37
13699.0,United Kingdom,1,308.58000000000004,2011-07-07 16:51:00,14
13486.0,United Kingdom,3,1122.4100000000003,2011-09-22 13:13:00,69
16012.0,United Kingdom,3,1415.2900000000004,2011-11-04 13:25:00,87
12635.0,Germany,2,1689.1800000000003,2011-09-11 11:04:00,96
12648.0,Germany,1,318.05,2011-07-08 11:55:00,21
15920.0,United Kingdom,4,167.49999999999997,2011-07-08 15:31:00,53
17353.0,United Kingdom,2,1740.0,2011-08-02 17:19:00,5
18024.0,United Kingdom,2,389.78,2011-07-10 12:40:00,21
13678.0,United Kingdom,1,232.60000000000002,2011-07-11 10:14:00,16
14552.0,United Kingdom,1,165.07,2011-07-11 12:49:00,57
13224.0,United Kingdom,2,2155.9500000000007,2011-10-10 14:55:00,101
16989.0,United Kingdom,6,1133.25,2011-12-02 16:39:00,7
12722.0,France,4,997.63,2011-09-15 14:50:00,50
15051.0,United Kingdom,3,1391.6099999999997,2011-11-16 15:38:00,130
15895.0,United Kingdom,1,179.17000000000002,2011-07-13 10:27:00,11
15795.0,United Kingdom,1,610.0100000000002,2011-07-13 10:43:00,42
13667.0,United Kingdom,1,305.0199999999999,2011-07-13 15:42:00,82
14400.0,United Kingdom,1,574.7,2011-07-13 15:50:00,25
14847.0,United Kingdom,1,309.40000000000003,2011-07-14 10:52:00,13
16488.0,United Kingdom,3,498.8,2011-11-06 13:42:00,28
15256.0,United Kingdom,1,98.45,2011-07-14 11:47:00,6
14857.0,United Kingdom,2,1173.1200000000003,2011-10-11 09:23:00,58
13994.0,United Kingdom,6,2313.1400000000012,2011-12-06 11:05:00,122
17554.0,United Kingdom,5,1952.4499999999998,2011-12-08 14:15:00,58
17266.0,United Kingdom,3,310.64,2011-12-07 14:12:00,60
15004.0,United Kingdom,1,1246.3200000000002,2011-07-15 14:05:00,154
14722.0,United Kingdom,1,187.92000000000002,2011-07-15 14:58:00,28
13967.0,United Kingdom,1,80.7,2011-07-17 12:02:00,2
12833.0,United Kingdom,1,417.38000000000005,2011-07-17 13:46:00,24
16474.0,United Kingdom,7,1871.5,2011-12-02 13:02:00,237
12589.0,France,2,646.68,2011-11-11 10:19:00,29
16762.0,United Kingdom,3,1501.3799999999997,2011-11-20 11:43:00,51
13940.0,United Kingdom,4,839.1400000000001,2011-11-22 15:15:00,39
14029.0,United Kingdom,2,467.65999999999997,2011-10-07 14:46:00,15
14117.0,United Kingdom,1,90.0,2011-07-19 09:49:00,3
13167.0,United Kingdom,4,791.3299999999999,2011-11-21 12:24:00,51
13991.0,United Kingdom,6,855.97,2011-11-27 16:18:00,58
13827.0,United Kingdom,3,412.04999999999995,2011-10-13 12:38:00,83
12521.0,Germany,1,599.68,2011-07-20 10:51:00,38
15802.0,United Kingdom,1,451.42,2011-07-20 11:38:00,1
14456.0,United Kingdom,9,3062.4000000000005,2011-12-04 13:59:00,580
17962.0,United Kingdom,1,102.83000000000001,2011-07-20 14:16:00,33
16149.0,United Kingdom,2,280.52000000000004,2011-12-05 11:29:00,18
18143.0,United Kingdom,2,1000.1599999999999,2011-08-15 12:07:00,59
17935.0,United Kingdom,2,145.79000000000002,2011-07-24 13:18:00,28
16041.0,United Kingdom,3,3166.4,2011-11-09 12:25:00,6
15829.0,United Kingdom,2,636.14,2011-09-01 16:45:00,44
12438.0,Norway,2,2906.85,2011-11-25 13:28:00,84
12627.0,Germany,7,4478.53,2011-11-29 12:07:00,162
13563.0,United Kingdom,2,777.53,2011-09-16 14:45:00,49
12864.0,United Kingdom,1,147.11999999999998,2011-07-24 13:03:00,3
17724.0,United Kingdom,3,1033.0,2011-09-29 15:26:00,38
14019.0,United Kingdom,3,1421.61,2011-10-24 10:13:00,37
17649.0,United Kingdom,1,868.4899999999998,2011-07-24 15:53:00,52
16178.0,United Kingdom,1,197.9,2011-07-24 16:05:00,8
14100.0,United Kingdom,1,194.89999999999998,2011-07-25 11:01:00,24
16557.0,United Kingdom,2,281.85,2011-11-15 14:04:00,11
13296.0,United Kingdom,1,87.4,2011-07-25 13:46:00,5
16364.0,United Kingdom,2,707.04,2011-11-28 11:27:00,48
15372.0,United Kingdom,1,2007.3999999999999,2011-07-25 16:39:00,27
15618.0,United Kingdom,4,776.8509999999999,2011-11-07 08:34:00,39
13930.0,United Kingdom,2,337.34,2011-10-13 09:45:00,15
13194.0,United Kingdom,1,60.7,2011-07-27 09:01:00,3
14305.0,United Kingdom,3,1858.9599999999996,2011-09-29 15:29:00,96
15261.0,United Kingdom,1,254.82,2011-07-27 15:20:00,19
13813.0,Germany,4,1366.86,2011-10-31 10:38:00,54
18237.0,United Kingdom,5,987.0999999999999,2011-12-07 12:49:00,40
12453.0,Austria,1,707.0899999999999,2011-07-28 14:08:00,43
15746.0,United Kingdom,1,196.88000000000005,2011-07-28 15:21:00,28
18268.0,United Kingdom,1,25.5,2011-07-28 19:13:00,1
15942.0,United Kingdom,1,337.43999999999994,2011-07-29 09:01:00,14
16147.0,United Kingdom,1,375.00000000000006,2011-07-29 09:57:00,22
13277.0,United Kingdom,4,258.4,2011-11-24 09:21:00,5
14511.0,United Kingdom,5,1314.8099999999997,2011-11-28 17:05:00,53
15776.0,United Kingdom,1,241.62000000000003,2011-07-29 13:46:00,18
12981.0,United Kingdom,2,372.22,2011-11-10 12:00:00,12
13106.0,United Kingdom,1,76.5,2011-07-29 15:12:00,1
14885.0,United Kingdom,1,765.32,2011-07-31 12:05:00,15
13388.0,United Kingdom,2,677.1,2011-07-31 12:52:00,35
15438.0,United Kingdom,1,156.58,2011-07-31 14:19:00,25
17173.0,United Kingdom,8,3766.6000000000004,2011-12-04 14:40:00,36
14947.0,United Kingdom,2,290.82,2011-09-28 15:48:00,14
16984.0,United Kingdom,2,4481.35,2011-09-12 13:43:00,354
17553.0,United Kingdom,1,1487.6,2011-08-02 10:00:00,2
12644.0,Germany,1,477.91,2011-08-02 10:33:00,31
13805.0,United Kingdom,2,924.6000000000001,2011-10-18 14:50:00,10
12750.0,Poland,1,275.88,2011-08-03 09:13:00,15
17656.0,United Kingdom,5,1674.69,2011-09-27 13:04:00,67
16102.0,United Kingdom,3,1842.1400000000003,2011-10-28 13:19:00,41
17514.0,United Kingdom,1,208.65000000000003,2011-08-03 15:45:00,40
15254.0,United Kingdom,1,300.36,2011-08-04 15:04:00,18
13218.0,United Kingdom,1,62.63999999999999,2011-08-04 16:59:00,5
17267.0,United Kingdom,2,317.62,2011-08-04 17:22:00,37
14720.0,United Kingdom,3,663.8100000000001,2011-12-04 12:02:00,34
18282.0,United Kingdom,2,178.05,2011-12-02 11:43:00,12
13200.0,United Kingdom,4,870.0900000000001,2011-11-20 15:35:00,42
15198.0,United Kingdom,2,193.64,2011-09-08 14:42:00,10
12865.0,Austria,2,1568.23,2011-11-13 14:31:00,86
12885.0,United Kingdom,3,1175.2200000000003,2011-10-07 13:40:00,66
13016.0,United Kingdom,3,789.8899999999996,2011-09-27 14:08:00,39
13500.0,United Kingdom,3,1166.77,2011-11-16 15:35:00,60
13355.0,United Kingdom,1,674.6999999999998,2011-08-09 14:48:00,32
13919.0,Denmark,2,384.81000000000006,2011-10-11 14:24:00,24
16292.0,United Kingdom,1,302.25,2011-08-10 12:24:00,17
14495.0,United Kingdom,2,123.8,2011-10-20 12:28:00,6
15494.0,United Kingdom,2,1299.2300000000005,2011-11-18 14:51:00,120
17248.0,United Kingdom,1,318.65,2011-08-11 13:34:00,68
17653.0,United Kingdom,4,1207.5600000000002,2011-11-03 12:46:00,44
17633.0,United Kingdom,4,1324.84,2011-11-08 13:25:00,59
13307.0,United Kingdom,1,15.0,2011-08-11 17:14:00,1
17122.0,United Kingdom,1,138.32,2011-08-12 14:33:00,7
14406.0,United Kingdom,1,156.75,2011-08-12 16:54:00,8
15683.0,United Kingdom,1,193.75,2011-08-14 12:56:00,10
14658.0,United Kingdom,2,247.14999999999998,2011-12-04 15:35:00,27
16961.0,United Kingdom,1,234.17000000000002,2011-08-15 13:46:00,14
15480.0,Malta,1,905.5,2011-08-15 14:32:00,45
13159.0,United Kingdom,4,1437.8500000000001,2011-12-01 11:20:00,114
13189.0,United Kingdom,2,260.68,2011-11-21 10:39:00,29
13470.0,United Kingdom,2,165.0,2011-09-01 14:57:00,7
15786.0,United Kingdom,3,4932.2,2011-10-24 14:13:00,257
16734.0,United Kingdom,3,650.51,2011-10-18 13:44:00,44
12729.0,France,1,453.0100000000001,2011-08-18 11:40:00,26
12962.0,United Kingdom,2,266.39,2011-12-02 15:55:00,15
13273.0,United Kingdom,1,138.98,2011-08-18 14:02:00,16
17736.0,United Kingdom,3,377.4400000000001,2011-11-30 15:36:00,24
15472.0,United Kingdom,1,371.55999999999995,2011-08-18 15:17:00,76
12680.0,France,4,862.81,2011-12-09 12:50:00,33
16582.0,United Kingdom,1,313.61999999999995,2011-08-18 17:02:00,6
17747.0,United Kingdom,1,71.4,2011-08-19 08:13:00,1
14712.0,United Kingdom,3,917.0700000000002,2011-11-10 12:59:00,21
12991.0,United Kingdom,2,503.76000000000005,2011-11-16 15:34:00,31
12968.0,United Kingdom,1,135.95,2011-08-19 15:44:00,5
14566.0,Channel Islands,1,1432.0,2011-08-21 11:05:00,4
12518.0,Germany,5,2056.8899999999994,2011-12-09 10:13:00,84
15801.0,United Kingdom,3,1063.9499999999998,2011-10-24 13:52:00,61
16952.0,United Kingdom,2,167.60999999999999,2011-08-22 13:03:00,16
17073.0,United Kingdom,4,1446.0899999999997,2011-11-22 11:47:00,142
14418.0,United Kingdom,3,1937.2500000000002,2011-12-06 11:39:00,114
13411.0,United Kingdom,1,213.55,2011-08-24 13:57:00,17
16093.0,United Kingdom,1,17.0,2011-08-25 11:09:00,1
17844.0,Canada,1,51.56,2011-08-25 11:27:00,5
16429.0,United Kingdom,1,284.55,2011-08-25 13:54:00,2
12715.0,Sweden,1,353.86,2011-08-25 15:22:00,20
15663.0,United Kingdom,1,138.14000000000001,2011-08-25 15:50:00,9
18167.0,United Kingdom,3,1384.86,2011-11-16 15:56:00,24
15074.0,United Kingdom,1,748.8700000000001,2011-08-26 14:45:00,41
15325.0,United Kingdom,1,162.29,2011-08-28 11:55:00,47
12814.0,Poland,1,125.92,2011-08-30 12:11:00,2
14660.0,United Kingdom,2,285.73999999999995,2011-09-14 11:34:00,24
17777.0,United Kingdom,3,665.86,2011-11-15 12:02:00,141
13045.0,United Kingdom,1,305.28,2011-09-01 15:04:00,18
12739.0,United Arab Emirates,2,1013.0400000000001,2011-09-22 13:00:00,38
14436.0,United Kingdom,1,89.05999999999999,2011-09-02 10:13:00,9
18027.0,United Kingdom,1,115.30999999999999,2011-09-02 10:38:00,21
12794.0,Portugal,2,860.4099999999999,2011-10-17 14:54:00,43
12375.0,Finland,2,457.5,2011-11-29 10:36:00,14
13434.0,United Kingdom,2,534.24,2011-09-26 14:30:00,9
16761.0,United Kingdom,1,316.62,2011-09-04 11:15:00,13
14067.0,United Kingdom,2,374.69999999999993,2011-10-07 10:21:00,51
12851.0,United Kingdom,1,135.17999999999998,2011-09-04 12:41:00,43
14965.0,United Kingdom,2,598.9999999999998,2011-09-04 13:20:00,80
18261.0,United Kingdom,2,324.24,2011-10-27 15:36:00,19
15307.0,United Kingdom,1,205.30000000000004,2011-09-05 11:38:00,12
16820.0,United Kingdom,1,497.60999999999996,2011-09-05 12:06:00,26
13949.0,United Kingdom,6,2427.3199999999997,2011-12-07 09:35:00,124
16400.0,United Kingdom,1,303.93,2011-09-06 12:27:00,28
13130.0,United Kingdom,1,64.0,2011-09-06 15:30:00,2
14452.0,United Kingdom,2,264.44,2011-11-29 12:06:00,55
13889.0,United Kingdom,1,416.90000000000003,2011-09-08 09:13:00,15
18222.0,United Kingdom,1,443.0,2011-09-08 10:45:00,19
17004.0,United Kingdom,2,1412.94,2011-10-24 14:25:00,38
12879.0,United Kingdom,3,573.2199999999999,2011-10-26 12:24:00,7
16603.0,United Kingdom,2,482.4699999999999,2011-09-26 10:06:00,34
16910.0,United Kingdom,8,1510.0600000000004,2011-12-05 12:51:00,318
16362.0,United Kingdom,5,734.77,2011-11-07 13:01:00,58
17317.0,United Kingdom,3,2600.34,2011-10-24 17:19:00,8
14212.0,United Kingdom,1,1070.48,2011-09-11 12:45:00,9
13372.0,United Kingdom,1,378.64000000000004,2011-09-11 12:46:00,23
18255.0,United Kingdom,1,103.3,2011-09-11 13:16:00,6
16796.0,United Kingdom,1,305.61999999999995,2011-09-11 14:01:00,18
14432.0,United Kingdom,6,2255.509999999999,2011-11-30 08:04:00,256
12883.0,United Kingdom,4,703.47,2011-11-15 09:32:00,39
12965.0,United Kingdom,1,771.9099999999999,2011-09-11 15:31:00,108
15533.0,United Kingdom,3,807.5699999999999,2011-11-20 15:35:00,73
18215.0,United Kingdom,1,299.34000000000003,2011-09-11 16:05:00,13
18158.0,United Kingdom,2,453.4,2011-11-30 16:19:00,24
13375.0,United Kingdom,1,778.6499999999997,2011-09-12 10:19:00,37
13431.0,United Kingdom,2,1269.0999999999997,2011-10-03 13:49:00,44
16211.0,United Kingdom,1,547.02,2011-09-12 12:11:00,23
17919.0,United Kingdom,1,1304.0400000000002,2011-09-12 13:41:00,23
14359.0,United Kingdom,3,912.1799999999998,2011-11-20 13:17:00,44
16451.0,United Kingdom,1,266.97,2011-09-13 09:17:00,14
12940.0,United Kingdom,2,913.54,2011-10-16 12:09:00,87
15216.0,United Kingdom,1,96.6,2011-09-13 11:41:00,2
17037.0,United Kingdom,1,1267.3199999999995,2011-09-13 12:49:00,75
12822.0,United Kingdom,2,948.88,2011-09-30 10:04:00,41
18251.0,United Kingdom,1,4314.72,2011-09-13 15:03:00,16
13032.0,United Kingdom,2,1010.18,2011-10-18 15:54:00,55
12895.0,United Kingdom,2,372.80000000000007,2011-10-28 13:51:00,22
13860.0,United Kingdom,5,1245.9,2011-12-08 12:57:00,58
18001.0,United Kingdom,2,417.23,2011-11-27 16:02:00,56
14284.0,United Kingdom,2,595.25,2011-11-09 08:11:00,24
15272.0,United Kingdom,2,721.9399999999999,2011-10-13 12:59:00,63
17333.0,United Kingdom,1,494.2499999999999,2011-09-15 10:11:00,28
13518.0,United Kingdom,1,659.4399999999998,2011-09-15 10:29:00,36
17679.0,United Kingdom,2,1992.1099999999997,2011-10-18 07:43:00,29
16160.0,United Kingdom,2,1025.44,2011-10-05 14:19:00,20
14894.0,United Kingdom,1,655.7500000000001,2011-09-15 13:51:00,23
15466.0,United Kingdom,1,334.53,2011-09-15 14:08:00,56
15511.0,United Kingdom,5,909.23,2011-11-28 09:43:00,117
16189.0,United Kingdom,2,215.48,2011-11-24 11:47:00,9
16108.0,United Kingdom,1,842.4999999999998,2011-09-16 11:48:00,48
16924.0,United Kingdom,3,846.7499999999998,2011-11-18 12:53:00,69
15099.0,United Kingdom,1,410.48,2011-09-16 13:13:00,23
13323.0,United Kingdom,5,787.8499999999999,2011-12-06 17:12:00,6
15975.0,United Kingdom,1,371.01000000000005,2011-09-16 13:33:00,24
16689.0,United Kingdom,2,422.59999999999997,2011-09-25 11:39:00,12
16438.0,United Kingdom,5,798.3499999999999,2011-12-04 10:51:00,74
13067.0,United Kingdom,1,115.46000000000001,2011-09-18 13:38:00,14
16460.0,United Kingdom,3,814.7199999999996,2011-11-11 13:46:00,128
12497.0,Germany,1,1043.1,2011-09-19 12:29:00,14
12752.0,Norway,1,4366.780000000001,2011-09-19 13:32:00,53
15504.0,United Kingdom,1,52.83000000000001,2011-09-19 13:45:00,13
17557.0,United Kingdom,3,541.46,2011-11-25 12:57:00,27
15341.0,United Kingdom,1,2020.5199999999998,2011-09-20 09:40:00,17
16215.0,United Kingdom,1,242.35,2011-09-20 10:18:00,14
15888.0,United Kingdom,1,168.30999999999997,2011-09-20 12:30:00,11
17564.0,United Kingdom,3,454.01,2011-11-15 13:27:00,38
18228.0,United Kingdom,2,779.9000000000001,2011-10-14 09:21:00,23
13350.0,United Kingdom,2,979.1200000000001,2011-11-23 16:33:00,36
17475.0,United Kingdom,1,194.37,2011-09-21 14:55:00,14
14780.0,United Kingdom,2,447.6799999999999,2011-10-16 12:46:00,26
14887.0,United Kingdom,1,1862.0,2011-09-21 15:32:00,6
15399.0,United Kingdom,3,815.77,2011-12-08 13:04:00,45
16379.0,United Kingdom,4,2157.3999999999996,2011-12-05 15:38:00,87
16213.0,United Kingdom,1,159.0,2011-09-22 10:03:00,6
15603.0,United Kingdom,1,48.480000000000004,2011-09-22 10:04:00,2
14261.0,United Kingdom,2,1163.45,2011-10-20 10:04:00,52
12657.0,France,4,1643.1799999999998,2011-11-28 15:47:00,35
16236.0,United Kingdom,1,432.1999999999999,2011-09-22 14:10:00,20
16669.0,United Kingdom,3,1374.87,2011-11-16 12:26:00,141
14125.0,United Kingdom,3,2740.4300000000003,2011-11-29 12:47:00,159
12579.0,France,1,440.4200000000001,2011-09-22 17:15:00,29
15714.0,United Kingdom,2,330.88,2011-11-28 11:26:00,34
15763.0,United Kingdom,2,1086.9199999999998,2011-11-08 09:44:00,58
16978.0,United Kingdom,1,344.33,2011-09-23 12:50:00,39
16240.0,United Kingdom,2,3718.8,2011-11-15 14:30:00,126
13336.0,United Kingdom,1,795.1200000000002,2011-09-23 14:05:00,51
14652.0,United Kingdom,1,114.18,2011-09-23 14:21:00,29
15762.0,United Kingdom,2,583.75,2011-10-05 16:15:00,37
16485.0,United Kingdom,1,363.65000000000003,2011-09-23 15:50:00,41
12488.0,France,3,1298.66,2011-11-30 08:50:00,46
13083.0,United Kingdom,2,303.75,2011-12-05 15:01:00,15
16169.0,United Kingdom,4,1822.9699999999998,2011-12-01 15:28:00,71
17506.0,United Kingdom,1,302.20000000000005,2011-09-25 11:39:00,14
16480.0,United Kingdom,1,769.2899999999998,2011-09-25 11:40:00,51
17498.0,United Kingdom,1,272.22,2011-09-25 12:25:00,17
17131.0,United Kingdom,5,2463.170000000001,2011-12-04 12:52:00,78
13536.0,United Kingdom,7,3448.289999999999,2011-12-08 16:38:00,91
15429.0,United Kingdom,2,397.35,2011-11-13 12:28:00,77
17154.0,United Kingdom,1,329.3399999999999,2011-09-25 13:42:00,23
16594.0,United Kingdom,1,181.08999999999995,2011-09-25 14:08:00,53
18066.0,United Kingdom,1,318.0,2011-09-25 15:30:00,10
12783.0,Portugal,6,2225.91,2011-12-07 15:56:00,76
13429.0,United Kingdom,4,1006.7999999999998,2011-11-29 09:10:00,55
13390.0,United Kingdom,1,544.0799999999999,2011-09-26 08:38:00,13
18205.0,United Kingdom,2,517.3599999999999,2011-11-03 13:22:00,30
14908.0,United Kingdom,1,277.79999999999995,2011-09-26 12:56:00,9
15958.0,United Kingdom,1,104.35000000000001,2011-09-26 13:41:00,7
16468.0,United Kingdom,1,74.9,2011-09-26 14:13:00,2
15344.0,United Kingdom,3,563.94,2011-12-09 10:45:00,21
13866.0,United Kingdom,1,145.67000000000002,2011-09-26 14:54:00,7
12612.0,Germany,1,704.04,2011-09-26 15:35:00,19
13514.0,United Kingdom,1,152.20000000000002,2011-09-27 09:39:00,4
17805.0,United Kingdom,1,512.3100000000001,2011-09-27 11:49:00,10
18278.0,United Kingdom,1,173.90000000000003,2011-09-27 11:58:00,9
15568.0,United Kingdom,3,758.29,2011-12-07 11:27:00,27
16354.0,United Kingdom,2,395.80000000000007,2011-10-07 14:28:00,38
14412.0,United Kingdom,2,770.03,2011-10-28 10:45:00,43
16119.0,United Kingdom,2,423.36,2011-12-01 15:11:00,14
14109.0,United Kingdom,1,144.2,2011-09-28 10:18:00,9
16157.0,United Kingdom,3,656.69,2011-11-24 11:41:00,12
13061.0,United Kingdom,1,248.60999999999999,2011-09-28 16:04:00,10
17513.0,United Kingdom,1,513.2,2011-09-28 16:42:00,6
16909.0,United Kingdom,1,379.14000000000004,2011-09-28 16:45:00,18
15175.0,United Kingdom,1,224.14000000000007,2011-09-29 11:31:00,23
13960.0,United Kingdom,2,230.22,2011-11-18 15:27:00,11
13886.0,United Kingdom,1,243.56,2011-09-29 13:17:00,16
13503.0,United Kingdom,1,216.84999999999997,2011-09-29 13:23:00,17
16574.0,United Kingdom,1,451.4399999999998,2011-09-29 13:39:00,28
17813.0,United Kingdom,5,1770.8800000000012,2011-11-25 16:13:00,297
16268.0,United Kingdom,2,667.65,2011-09-29 18:30:00,45
18053.0,United Kingdom,1,300.02,2011-09-30 09:05:00,20
16101.0,United Kingdom,1,1290.6999999999996,2011-09-30 10:18:00,76
15565.0,United Kingdom,2,173.16000000000003,2011-10-20 14:33:00,8
18217.0,United Kingdom,2,621.75,2011-11-10 13:18:00,27
13954.0,United Kingdom,2,439.92,2011-12-08 12:50:00,24
13095.0,United Kingdom,1,74.39999999999999,2011-09-30 12:03:00,6
15287.0,United Kingdom,2,486.69,2011-11-17 15:34:00,17
13347.0,United Kingdom,1,341.36,2011-09-30 13:28:00,8
16613.0,United Kingdom,1,618.59,2011-09-30 15:52:00,30
15774.0,United Kingdom,1,270.80000000000007,2011-10-02 12:04:00,25
16930.0,United Kingdom,3,380.55000000000007,2011-11-13 16:13:00,47
18059.0,United Kingdom,3,306.46000000000004,2011-11-16 16:49:00,17
16747.0,United Kingdom,2,836.0600000000001,2011-11-02 11:37:00,34
13635.0,United Kingdom,1,1071.0300000000002,2011-10-03 10:55:00,62
15091.0,United Kingdom,1,480.71,2011-10-03 12:47:00,30
15088.0,United Kingdom,2,1160.0700000000002,2011-11-18 13:14:00,53
15930.0,United Kingdom,1,426.6300000000001,2011-10-03 14:52:00,21
13801.0,United Kingdom,1,324.79999999999995,2011-10-04 10:15:00,23
15255.0,United Kingdom,1,890.85,2011-10-04 12:43:00,47
14184.0,United Kingdom,1,452.89000000000004,2011-10-04 12:43:00,24
13351.0,United Kingdom,1,373.9400000000001,2011-10-04 12:55:00,16
12512.0,Israel,2,138.03000000000003,2011-10-04 14:55:00,31
17957.0,United Kingdom,1,111.68,2011-10-04 14:58:00,31
15276.0,United Kingdom,1,135.31,2011-10-04 16:39:00,49
15127.0,United Kingdom,1,406.53000000000003,2011-10-05 10:30:00,16
17666.0,United Kingdom,2,728.1599999999999,2011-12-06 09:06:00,14
13483.0,United Kingdom,1,140.33999999999997,2011-10-05 11:53:00,10
17382.0,United Kingdom,1,65.4,2011-10-05 13:05:00,2
17222.0,United Kingdom,1,354.15000000000003,2011-10-05 13:58:00,27
16803.0,United Kingdom,1,332.29999999999995,2011-10-05 14:28:00,24
13947.0,United Kingdom,1,90.6,2011-10-05 14:42:00,5
12719.0,France,2,644.95,2011-12-04 13:45:00,34
17647.0,United Kingdom,1,133.06000000000003,2011-10-05 15:38:00,7
14054.0,United Kingdom,1,92.46,2011-10-05 15:49:00,6
12723.0,France,5,725.07,2011-12-06 10:19:00,53
18033.0,United Kingdom,1,97.97000000000004,2011-10-05 17:28:00,32
15837.0,United Kingdom,1,391.9800000000001,2011-10-06 09:01:00,24
12628.0,Germany,3,786.46,2011-12-05 13:15:00,34
13177.0,United Kingdom,1,282.45,2011-10-06 09:56:00,17
14317.0,United Kingdom,1,508.58000000000004,2011-10-06 10:44:00,24
16295.0,United Kingdom,4,1328.5500000000006,2011-11-30 08:17:00,70
16895.0,United Kingdom,1,219.13999999999996,2011-10-06 12:15:00,57
13504.0,United Kingdom,1,295.93,2011-10-06 13:20:00,22
13422.0,United Kingdom,1,2626.300000000002,2011-10-06 13:42:00,127
15264.0,United Kingdom,1,393.73999999999995,2011-10-06 13:49:00,23
14518.0,United Kingdom,1,174.36999999999998,2011-10-06 14:43:00,16
15937.0,United Kingdom,1,145.35,2011-10-06 15:48:00,7
12923.0,United Kingdom,1,176.97000000000006,2011-10-06 16:20:00,28
16454.0,United Kingdom,2,6.9,2011-10-26 11:40:00,2
17453.0,United Kingdom,2,486.7200000000001,2011-11-22 09:42:00,19
17030.0,United Kingdom,1,146.87,2011-10-07 08:49:00,11
13876.0,United Kingdom,1,122.7,2011-10-07 10:22:00,7
17086.0,United Kingdom,6,2050.079999999999,2011-12-02 13:54:00,76
13806.0,United Kingdom,1,256.38,2011-10-07 11:43:00,10
18096.0,United Kingdom,3,911.1499999999993,2011-11-28 12:44:00,157
13587.0,United Kingdom,1,712.4,2011-10-07 12:31:00,8
12856.0,United Kingdom,6,2179.93,2011-12-02 10:52:00,155
13763.0,United Kingdom,1,1714.96,2011-10-07 15:13:00,15
13755.0,United Kingdom,9,2161.3500000000013,2011-12-06 12:26:00,232
13259.0,United Kingdom,1,292.32000000000016,2011-10-09 10:48:00,77
16248.0,United Kingdom,1,152.94000000000003,2011-10-09 11:32:00,7
18088.0,United Kingdom,1,167.67,2011-10-09 13:41:00,35
16685.0,United Kingdom,2,324.24,2011-10-09 13:58:00,60
14801.0,United Kingdom,1,193.14,2011-10-09 15:24:00,56
14027.0,United Kingdom,1,104.82,2011-10-10 09:01:00,6
17425.0,United Kingdom,2,759.1699999999998,2011-11-20 15:30:00,42
18169.0,United Kingdom,1,202.65,2011-10-10 12:18:00,9
16982.0,United Kingdom,1,384.05999999999995,2011-10-10 12:28:00,22
15330.0,United Kingdom,2,714.96,2011-11-07 17:50:00,10
13685.0,United Kingdom,7,3119.440000000001,2011-12-07 11:41:00,29
17459.0,United Kingdom,2,657.3,2011-10-27 13:25:00,88
16561.0,United Kingdom,2,511.12000000000006,2011-12-04 11:50:00,29
14121.0,United Kingdom,4,2780.1500000000005,2011-12-06 12:19:00,148
17119.0,United Kingdom,2,606.91,2011-12-06 14:40:00,35
17620.0,United Kingdom,1,81.44,2011-10-11 12:08:00,4
12824.0,United Kingdom,1,397.12000000000006,2011-10-11 12:49:00,25
14710.0,United Kingdom,4,606.1300000000003,2011-11-25 14:53:00,124
16120.0,United Kingdom,4,1309.1399999999999,2011-10-11 14:22:00,26
14624.0,United Kingdom,2,225.85,2011-10-13 13:44:00,13
13690.0,United Kingdom,1,172.25,2011-10-11 15:03:00,9
14642.0,United Kingdom,1,96.12,2011-10-12 11:08:00,2
12602.0,France,1,153.12,2011-10-12 11:22:00,12
18277.0,United Kingdom,1,110.37999999999998,2011-10-12 15:22:00,8
12498.0,Germany,3,403.7,2011-11-18 12:53:00,21
14537.0,United Kingdom,1,355.56,2011-10-13 10:54:00,10
17279.0,United Kingdom,1,187.83,2011-10-13 11:58:00,8
12446.0,RSA,1,1002.3099999999997,2011-10-13 12:50:00,58
14234.0,United Kingdom,4,775.4599999999997,2011-11-17 17:53:00,122
13853.0,United Kingdom,1,1090.1399999999996,2011-10-13 14:18:00,23
17614.0,United Kingdom,1,390.0699999999999,2011-10-13 16:01:00,97
13858.0,United Kingdom,1,216.17,2011-10-13 16:17:00,11
14856.0,United Kingdom,3,1311.3800000000006,2011-11-03 14:53:00,65
15478.0,United Kingdom,2,1441.4199999999996,2011-10-30 14:19:00,34
13810.0,Germany,3,1499.01,2011-11-11 08:33:00,32
16416.0,United Kingdom,3,1051.4,2011-11-13 12:50:00,59
17986.0,United Kingdom,1,20.8,2011-10-14 14:22:00,1
14910.0,United Kingdom,4,434.3500000000001,2011-12-07 10:06:00,25
16243.0,United Kingdom,2,409.0999999999998,2011-11-06 12:32:00,49
16934.0,United Kingdom,2,950.9299999999997,2011-10-16 12:40:00,59
15994.0,United Kingdom,1,427.07000000000005,2011-10-16 12:28:00,31
16052.0,United Kingdom,1,362.06,2011-10-16 15:13:00,34
16563.0,United Kingdom,1,1077.74,2011-10-17 11:51:00,19
17201.0,United Kingdom,1,342.63,2011-10-17 11:55:00,38
17520.0,United Kingdom,1,546.8100000000001,2011-10-17 12:04:00,30
17205.0,United Kingdom,1,384.08000000000004,2011-10-17 12:46:00,13
16737.0,United Kingdom,1,417.59999999999997,2011-10-17 13:03:00,1
17206.0,United Kingdom,1,204.24,2011-10-17 13:25:00,7
17785.0,United Kingdom,1,131.94000000000003,2011-10-17 13:43:00,13
16932.0,United Kingdom,1,161.93999999999994,2011-10-17 14:12:00,44
17244.0,United Kingdom,1,954.9,2011-10-17 15:19:00,31
15598.0,United Kingdom,1,240.68000000000006,2011-10-17 16:04:00,14
15678.0,United Kingdom,1,352.70000000000005,2011-10-18 09:25:00,12
15327.0,United Kingdom,1,208.75,2011-10-18 11:55:00,10
14861.0,United Kingdom,1,125.79,2011-10-18 12:54:00,6
14554.0,United Kingdom,4,2381.0400000000004,2011-11-29 16:44:00,147
12611.0,Italy,1,1193.32,2011-10-18 13:12:00,65
12863.0,United Kingdom,1,521.2,2011-10-18 14:15:00,5
14381.0,United Kingdom,1,202.68000000000004,2011-10-18 17:10:00,56
12572.0,Germany,2,1020.4200000000001,2011-12-01 09:20:00,53
15853.0,United Kingdom,1,110.80000000000001,2011-10-19 10:38:00,29
18019.0,United Kingdom,1,38.449999999999996,2011-10-19 12:10:00,5
16826.0,United Kingdom,1,341.7,2011-10-19 14:05:00,22
15803.0,United Kingdom,1,415.82,2011-10-19 14:56:00,8
14799.0,United Kingdom,1,157.7,2011-10-19 16:16:00,13
15814.0,United Kingdom,4,1945.3300000000002,2011-11-23 08:17:00,63
16260.0,United Kingdom,1,1035.45,2011-10-20 09:40:00,18
17354.0,United Kingdom,1,1393.06,2011-10-20 10:34:00,15
15664.0,United Kingdom,1,386.43,2011-10-20 10:57:00,17
14923.0,United Kingdom,1,749.0999999999997,2011-10-20 11:51:00,44
16177.0,United Kingdom,1,331.94999999999993,2011-10-20 12:57:00,15
13366.0,United Kingdom,1,56.160000000000004,2011-10-20 13:37:00,1
16846.0,United Kingdom,1,214.32000000000002,2011-10-20 13:55:00,11
14585.0,United Kingdom,1,157.05000000000004,2011-10-20 14:33:00,29
17125.0,United Kingdom,1,259.3499999999999,2011-10-20 14:41:00,34
15836.0,United Kingdom,1,137.37,2011-10-20 17:13:00,10
16313.0,United Kingdom,2,274.15,2011-12-06 13:02:00,16
13460.0,United Kingdom,2,183.43999999999997,2011-11-10 17:17:00,16
12403.0,Denmark,1,427.70000000000005,2011-10-21 10:51:00,5
14967.0,United Kingdom,1,463.8,2011-10-21 11:06:00,6
15286.0,United Kingdom,1,240.55,2011-10-21 11:08:00,3
17832.0,United Kingdom,1,155.37,2011-10-21 11:43:00,61
12646.0,USA,2,1346.97,2011-12-05 10:14:00,43
13974.0,United Kingdom,1,413.59,2011-10-21 14:41:00,28
15677.0,United Kingdom,1,657.23,2011-10-21 15:36:00,33
15000.0,United Kingdom,1,490.52,2011-10-23 11:42:00,76
16017.0,United Kingdom,1,211.88000000000002,2011-10-23 12:56:00,26
17836.0,United Kingdom,1,110.21,2011-10-23 16:13:00,23
15516.0,United Kingdom,3,62.43,2011-10-26 10:51:00,15
16742.0,United Kingdom,1,464.9,2011-10-24 12:02:00,1
17081.0,United Kingdom,2,290.15999999999997,2011-11-14 12:56:00,55
14139.0,United Kingdom,1,415.81999999999994,2011-10-24 13:34:00,26
13176.0,United Kingdom,1,492.83999999999986,2011-10-24 15:43:00,66
15345.0,United Kingdom,1,393.53999999999996,2011-10-25 11:28:00,20
13182.0,United Kingdom,1,121.18,2011-10-25 13:46:00,11
16056.0,United Kingdom,1,664.8499999999999,2011-10-25 15:19:00,66
17712.0,United Kingdom,1,522.91,2011-10-26 12:28:00,29
15320.0,United Kingdom,1,267.13000000000005,2011-10-26 13:27:00,36
15993.0,United Kingdom,7,2797.5700000000006,2011-12-01 10:45:00,335
17895.0,United Kingdom,1,98.0,2011-10-26 17:00:00,15
15948.0,United Kingdom,2,955.24,2011-12-01 15:32:00,51
15659.0,United Kingdom,1,306.45,2011-10-27 09:23:00,11
18154.0,United Kingdom,2,399.18999999999994,2011-12-06 16:41:00,15
12630.0,Finland,2,1270.8800000000003,2011-11-30 10:48:00,60
13363.0,United Kingdom,2,992.5000000000001,2011-11-22 12:40:00,47
16847.0,United Kingdom,1,193.44,2011-10-27 13:29:00,12
16026.0,United Kingdom,1,236.09000000000003,2011-10-27 13:53:00,30
12430.0,Norway,1,256.4,2011-10-27 15:09:00,11
14357.0,United Kingdom,1,225.77000000000012,2011-10-27 16:23:00,39
16164.0,United Kingdom,3,822.48,2011-11-22 15:04:00,27
14218.0,United Kingdom,1,169.48000000000002,2011-10-28 10:00:00,12
15096.0,United Kingdom,1,219.39000000000001,2011-10-28 10:27:00,11
17839.0,United Kingdom,1,338.80000000000007,2011-10-28 17:27:00,50
12912.0,United Kingdom,5,1662.3,2011-12-07 08:55:00,17
14582.0,United Kingdom,1,114.11,2011-10-30 11:56:00,6
15748.0,United Kingdom,1,149.30999999999995,2011-10-30 12:51:00,19
14158.0,United Kingdom,1,507.65999999999985,2011-10-30 15:08:00,41
16506.0,United Kingdom,2,90.30000000000001,2011-11-20 12:17:00,3
14295.0,United Kingdom,1,166.20000000000002,2011-10-30 15:50:00,5
15360.0,United Kingdom,1,427.93000000000006,2011-10-31 09:35:00,13
13103.0,United Kingdom,1,243.94,2011-10-31 09:38:00,8
15667.0,United Kingdom,1,301.32000000000005,2011-10-31 10:56:00,13
12552.0,Italy,2,437.82,2011-11-01 10:02:00,20
16127.0,United Kingdom,1,656.25,2011-10-31 13:58:00,40
14345.0,United Kingdom,1,108.97999999999999,2011-11-01 09:51:00,6
17503.0,United Kingdom,2,558.9599999999999,2011-12-07 09:18:00,36
17495.0,United Kingdom,2,497.56,2011-12-02 12:08:00,21
15423.0,United Kingdom,1,43.5,2011-11-01 14:01:00,2
17668.0,United Kingdom,2,347.75,2011-12-08 13:25:00,14
16971.0,United Kingdom,1,357.2099999999998,2011-11-01 15:06:00,40
15830.0,United Kingdom,1,576.0,2011-11-02 10:40:00,39
14216.0,United Kingdom,4,1839.3,2011-12-06 14:56:00,47
15275.0,United Kingdom,1,615.1400000000001,2011-11-02 11:20:00,41
16790.0,United Kingdom,6,1545.62,2011-12-06 11:53:00,88
15576.0,United Kingdom,1,940.6700000000001,2011-11-02 12:03:00,43
18164.0,United Kingdom,1,399.65,2011-11-02 12:56:00,24
13318.0,United Kingdom,3,640.76,2011-12-08 18:51:00,14
18104.0,United Kingdom,1,754.6399999999998,2011-11-02 14:07:00,38
14528.0,United Kingdom,1,364.22,2011-11-02 17:09:00,18
17432.0,United Kingdom,2,365.75999999999993,2011-11-21 17:33:00,44
17403.0,United Kingdom,1,281.62,2011-11-03 15:18:00,32
16602.0,United Kingdom,1,528.0799999999999,2011-11-03 15:54:00,29
13914.0,United Kingdom,2,626.4499999999998,2011-11-28 10:35:00,28
13467.0,United Kingdom,2,1083.7100000000005,2011-11-29 10:01:00,89
15010.0,United Kingdom,1,308.94,2011-11-04 12:42:00,20
16318.0,United Kingdom,1,328.15000000000003,2011-11-04 13:05:00,19
17274.0,United Kingdom,1,111.97999999999999,2011-11-04 13:16:00,24
17233.0,United Kingdom,1,190.88,2011-11-04 14:06:00,25
13938.0,United Kingdom,1,71.66,2011-11-04 14:37:00,7
17084.0,United Kingdom,2,2949.7500000000014,2011-11-04 14:54:00,146
12882.0,United Kingdom,2,1463.0399999999995,2011-11-30 16:18:00,12
17387.0,United Kingdom,2,784.1099999999999,2011-11-20 11:00:00,71
13727.0,United Kingdom,2,333.48,2011-11-11 09:46:00,19
16445.0,United Kingdom,1,230.50999999999996,2011-11-06 12:32:00,62
15156.0,United Kingdom,3,961.49,2011-12-08 18:22:00,51
17608.0,United Kingdom,2,193.42000000000004,2011-11-06 13:06:00,54
14174.0,United Kingdom,1,134.46,2011-11-06 13:17:00,26
14039.0,United Kingdom,1,152.2,2011-11-06 13:48:00,6
15883.0,United Kingdom,2,396.47999999999996,2011-12-07 17:05:00,42
14664.0,United Kingdom,2,637.8899999999999,2011-11-20 10:59:00,78
17831.0,United Kingdom,1,35.400000000000006,2011-11-06 15:09:00,2
17761.0,United Kingdom,1,712.78,2011-11-07 10:23:00,19
15870.0,United Kingdom,1,354.0899999999999,2011-11-07 10:58:00,68
14080.0,United Kingdom,1,45.599999999999994,2011-11-07 11:09:00,4
17623.0,United Kingdom,1,527.05,2011-11-07 11:32:00,33
14073.0,United Kingdom,1,151.04000000000002,2011-11-07 15:49:00,13
16732.0,United Kingdom,1,603.7499999999999,2011-11-08 09:54:00,28
16505.0,United Kingdom,1,777.6,2011-11-08 12:14:00,4
15957.0,United Kingdom,1,428.8899999999999,2011-11-08 12:14:00,40
18123.0,United Kingdom,2,589.44,2011-11-15 14:23:00,31
17313.0,United Kingdom,1,2328.8399999999997,2011-11-08 15:45:00,24
15153.0,United Kingdom,1,329.24999999999994,2011-11-08 17:09:00,22
17011.0,United Kingdom,1,270.90000000000003,2011-11-09 13:30:00,15
14968.0,United Kingdom,1,147.58999999999997,2011-11-09 13:58:00,37
13522.0,United Kingdom,1,125.8,2011-11-09 15:11:00,5
15986.0,United Kingdom,1,168.11999999999998,2011-11-09 15:17:00,14
13992.0,United Kingdom,1,76.8,2011-11-09 15:23:00,5
14354.0,United Kingdom,2,163.62,2011-12-04 11:32:00,9
16986.0,United Kingdom,2,1873.2,2011-11-10 11:55:00,3
18274.0,United Kingdom,1,175.92000000000002,2011-11-09 17:03:00,11
15450.0,United Kingdom,1,429.8399999999999,2011-11-09 17:11:00,30
15531.0,United Kingdom,2,2007.4399999999982,2011-12-01 18:43:00,196
17500.0,United Kingdom,3,1138.0,2011-11-22 14:25:00,3
17197.0,United Kingdom,1,1013.0100000000001,2011-11-10 10:32:00,29
16025.0,United Kingdom,1,439.66,2011-11-10 11:45:00,28
12659.0,France,1,91.68,2011-11-10 11:53:00,5
17791.0,United Kingdom,1,106.1,2011-11-10 12:09:00,10
12617.0,France,1,355.53,2011-11-10 14:39:00,39
12538.0,Spain,1,363.94999999999993,2011-11-10 17:16:00,21
17901.0,United Kingdom,1,110.38000000000001,2011-11-10 17:29:00,19
18209.0,United Kingdom,1,139.10000000000002,2011-11-11 12:07:00,8
12985.0,United Kingdom,2,1239.38,2011-12-09 10:46:00,73
16433.0,United Kingdom,1,184.26,2011-11-11 14:09:00,17
16368.0,United Kingdom,2,497.4299999999999,2011-12-07 13:12:00,58
18014.0,United Kingdom,1,166.42000000000002,2011-11-11 15:28:00,29
13732.0,United Kingdom,1,491.8599999999999,2011-11-11 15:49:00,33
13091.0,United Kingdom,1,345.82,2011-11-11 15:54:00,21
13170.0,United Kingdom,1,116.01000000000002,2011-11-13 12:19:00,29
14788.0,United Kingdom,2,679.4399999999999,2011-12-02 17:06:00,26
14902.0,United Kingdom,1,332.6600000000001,2011-11-14 10:34:00,20
16936.0,United Kingdom,1,262.68000000000006,2011-11-14 11:04:00,56
12938.0,United Kingdom,1,114.14,2011-11-14 11:21:00,9
15168.0,United Kingdom,1,106.56,2011-11-14 11:26:00,5
18117.0,United Kingdom,1,320.7200000000001,2011-11-14 12:47:00,68
15458.0,United Kingdom,1,161.64,2011-11-14 13:08:00,7
17566.0,United Kingdom,2,901.2100000000004,2011-12-01 19:54:00,113
16207.0,United Kingdom,1,394.38,2011-11-14 13:51:00,19
12762.0,Portugal,2,1898.5200000000004,2011-12-02 10:23:00,62
16504.0,United Kingdom,1,484.37999999999994,2011-11-14 15:18:00,76
12374.0,Austria,1,742.93,2011-11-14 15:37:00,33
15419.0,United Kingdom,1,135.85999999999999,2011-11-15 09:23:00,8
17510.0,United Kingdom,1,308.47999999999996,2011-11-15 10:00:00,20
15524.0,United Kingdom,1,440.0,2011-11-15 12:09:00,1
14725.0,United Kingdom,1,718.08,2011-11-15 12:42:00,45
14666.0,United Kingdom,1,195.25,2011-11-15 12:57:00,14
17153.0,United Kingdom,1,213.78,2011-11-15 13:42:00,14
12950.0,United Kingdom,3,1843.0,2011-12-07 13:17:00,13
15720.0,United Kingdom,1,598.73,2011-11-15 14:48:00,128
18181.0,United Kingdom,1,382.7999999999999,2011-11-15 15:08:00,40
15556.0,United Kingdom,1,279.77,2011-11-15 16:08:00,31
17357.0,United Kingdom,2,388.13999999999993,2011-11-15 16:30:00,41
12890.0,United Kingdom,1,380.46999999999997,2011-11-15 17:26:00,78
15269.0,United Kingdom,1,408.8,2011-11-16 09:32:00,2
15900.0,United Kingdom,1,351.11,2011-11-16 12:19:00,44
13926.0,United Kingdom,1,223.85000000000005,2011-11-16 13:16:00,11
16204.0,United Kingdom,1,405.71,2011-11-16 13:40:00,45
17896.0,United Kingdom,1,256.32,2011-11-16 13:59:00,2
15432.0,United Kingdom,1,171.19,2011-11-16 16:30:00,10
15657.0,United Kingdom,1,30.0,2011-11-17 12:19:00,1
17237.0,United Kingdom,2,314.69,2011-11-28 15:02:00,18
13160.0,United Kingdom,1,91.8,2011-11-17 13:07:00,4
12847.0,United Kingdom,1,871.5400000000002,2011-11-17 13:16:00,72
17985.0,United Kingdom,1,634.95,2011-11-17 14:24:00,20
14362.0,United Kingdom,1,161.2,2011-11-17 15:08:00,37
15435.0,United Kingdom,1,149.29000000000002,2011-11-17 16:39:00,29
12603.0,Germany,1,739.1999999999999,2011-11-18 10:42:00,3
14641.0,United Kingdom,1,110.46,2011-11-18 10:42:00,7
12618.0,Italy,1,177.31,2011-11-18 11:10:00,11
15621.0,United Kingdom,4,1293.0300000000002,2011-12-05 14:01:00,11
18034.0,United Kingdom,2,422.8800000000001,2011-11-18 12:22:00,99
17286.0,United Kingdom,1,153.91999999999996,2011-11-18 12:47:00,44
17904.0,United Kingdom,1,191.66999999999993,2011-11-18 12:57:00,33
15368.0,United Kingdom,1,446.94000000000005,2011-11-18 14:42:00,4
12702.0,Germany,1,219.0,2011-11-20 10:36:00,12
18110.0,United Kingdom,1,236.3000000000001,2011-11-20 12:34:00,33
14950.0,United Kingdom,1,371.19999999999993,2011-11-20 13:48:00,19
16666.0,United Kingdom,1,118.98000000000005,2011-11-20 14:01:00,32
13142.0,United Kingdom,1,307.0899999999999,2011-11-20 16:07:00,23
16366.0,United Kingdom,1,327.30000000000007,2011-11-21 08:19:00,18
14300.0,United Kingdom,1,43.2,2011-11-21 08:57:00,3
12658.0,Germany,1,686.05,2011-11-21 10:22:00,36
15645.0,United Kingdom,1,612.0099999999998,2011-11-21 11:55:00,50
16406.0,United Kingdom,1,163.07000000000002,2011-11-21 11:57:00,55
17253.0,United Kingdom,1,178.26000000000002,2011-11-21 12:59:00,18
18139.0,United Kingdom,6,8438.339999999995,2011-11-22 10:44:00,35
15699.0,United Kingdom,1,309.65000000000003,2011-11-22 08:26:00,18
16956.0,United Kingdom,1,308.74,2011-11-22 08:56:00,16
17600.0,United Kingdom,1,161.67000000000002,2011-11-22 09:43:00,13
13322.0,United Kingdom,1,199.48,2011-11-22 14:21:00,25
12920.0,United Kingdom,1,164.23,2011-11-22 15:05:00,27
18249.0,United Kingdom,1,95.34,2011-11-22 15:07:00,8
16376.0,United Kingdom,2,987.0100000000002,2011-12-01 11:38:00,104
12452.0,Switzerland,2,430.57,2011-11-23 10:28:00,21
14581.0,United Kingdom,1,138.6,2011-11-23 12:39:00,16
14675.0,United Kingdom,1,604.7499999999999,2011-11-23 12:58:00,93
18084.0,United Kingdom,1,90.47999999999999,2011-11-23 13:57:00,1
13638.0,United Kingdom,1,122.64,2011-11-24 10:38:00,8
12784.0,Portugal,2,574.42,2011-11-30 15:38:00,54
17458.0,United Kingdom,1,316.5,2011-11-24 13:01:00,52
14785.0,United Kingdom,2,77.4,2011-11-29 13:21:00,2
17254.0,United Kingdom,2,272.44,2011-12-05 12:46:00,100
17767.0,United Kingdom,1,271.20000000000005,2011-11-24 14:42:00,21
15725.0,United Kingdom,1,415.25000000000006,2011-11-24 14:51:00,32
18184.0,United Kingdom,1,49.8,2011-11-24 15:28:00,1
15428.0,United Kingdom,1,93.78,2011-11-24 16:54:00,6
14756.0,United Kingdom,1,738.9599999999998,2011-11-24 18:13:00,38
16856.0,United Kingdom,1,35.400000000000006,2011-11-25 08:59:00,2
14703.0,United Kingdom,1,318.1700000000001,2011-11-25 09:23:00,22
12531.0,Germany,1,125.22,2011-11-25 11:12:00,17
15872.0,United Kingdom,2,360.9299999999999,2011-11-25 11:55:00,101
14966.0,United Kingdom,1,191.32000000000005,2011-11-25 12:20:00,35
17468.0,United Kingdom,2,137.0,2011-11-29 15:33:00,5
13332.0,United Kingdom,1,350.9,2011-11-25 13:30:00,21
13596.0,United Kingdom,2,697.0399999999997,2011-12-04 12:01:00,133
14093.0,United Kingdom,1,442.84999999999985,2011-11-27 16:27:00,95
14893.0,United Kingdom,2,1237.8500000000004,2011-11-30 12:31:00,72
15721.0,United Kingdom,1,507.0799999999998,2011-11-28 12:14:00,80
12660.0,France,1,245.10000000000002,2011-11-28 13:26:00,13
15540.0,United Kingdom,1,213.3,2011-11-28 13:51:00,15
16800.0,United Kingdom,1,1201.4899999999998,2011-11-28 14:06:00,148
17359.0,United Kingdom,1,127.86,2011-11-28 14:37:00,13
14480.0,United Kingdom,1,279.05,2011-11-28 16:35:00,13
17772.0,United Kingdom,2,182.76999999999995,2011-11-29 11:05:00,50
13428.0,United Kingdom,1,218.46999999999997,2011-11-29 14:20:00,70
15790.0,United Kingdom,1,220.85,2011-11-29 14:53:00,34
13521.0,United Kingdom,3,1093.6500000000005,2011-12-08 13:50:00,313
14349.0,United Kingdom,1,133.50000000000003,2011-11-29 15:39:00,31
18058.0,United Kingdom,1,170.16,2011-11-30 08:38:00,3
12558.0,USA,1,269.96,2011-12-02 10:41:00,11
17942.0,United Kingdom,1,77.50000000000001,2011-12-02 10:45:00,2
13560.0,United Kingdom,1,174.37000000000003,2011-12-02 13:11:00,32
15539.0,United Kingdom,1,538.46,2011-12-02 13:36:00,41
18174.0,United Kingdom,1,104.0,2011-12-02 16:56:00,1
13153.0,United Kingdom,1,486.22,2011-12-04 12:14:00,15
15773.0,United Kingdom,1,635.6800000000001,2011-12-04 12:48:00,10
16988.0,United Kingdom,1,126.12,2011-12-04 16:02:00,7
15097.0,United Kingdom,1,248.07999999999998,2011-12-05 14:03:00,25
18015.0,United Kingdom,1,120.03000000000002,2011-12-05 14:49:00,46
17383.0,United Kingdom,1,199.29,2011-12-05 17:36:00,49
12478.0,Greece,1,680.9900000000001,2011-12-06 09:56:00,36
15992.0,United Kingdom,1,41.989999999999995,2011-12-06 11:00:00,3
15318.0,United Kingdom,1,312.62,2011-12-06 11:30:00,33
16569.0,United Kingdom,1,124.2,2011-12-06 15:32:00,5
14204.0,United Kingdom,1,161.02999999999994,2011-12-07 13:38:00,36
15471.0,United Kingdom,1,469.47999999999996,2011-12-07 14:12:00,67
13436.0,United Kingdom,1,196.89,2011-12-08 10:33:00,12
17850.0,United Kingdom,34,5391.210000000009,2010-12-02 15:27:00,21
13047.0,United Kingdom,10,3237.540000000001,2011-11-08 12:06:00,106
15100.0,United Kingdom,3,876.0,2011-01-10 10:35:00,1
15291.0,United Kingdom,15,4668.300000000001,2011-11-14 11:02:00,62
14688.0,United Kingdom,21,5630.870000000001,2011-12-02 12:26:00,148
18074.0,United Kingdom,1,489.6,2010-12-01 09:53:00,13
12431.0,Australia,15,6487.449999999999,2011-11-04 11:55:00,163
17511.0,United Kingdom,31,91062.37999999996,2011-12-07 10:12:00,453
13767.0,United Kingdom,37,17220.360000000004,2011-12-07 15:00:00,55
15862.0,United Kingdom,4,832.88,2011-12-01 13:28:00,142
16218.0,United Kingdom,7,3084.680000000001,2011-11-10 09:59:00,56
14045.0,United Kingdom,4,1659.75,2011-08-22 15:27:00,4
12838.0,United Kingdom,2,683.1300000000001,2011-11-06 12:20:00,115
15983.0,United Kingdom,4,1475.0200000000004,2011-11-17 17:34:00,82
16210.0,United Kingdom,18,21086.29999999999,2011-12-08 12:36:00,74
17377.0,United Kingdom,20,4100.919999999998,2011-11-16 11:17:00,190
16552.0,United Kingdom,2,379.73,2011-04-11 10:04:00,17
17181.0,United Kingdom,2,239.92000000000002,2011-10-13 14:48:00,23
17951.0,United Kingdom,3,1008.5400000000002,2011-10-31 12:30:00,18
14729.0,United Kingdom,1,313.48999999999995,2010-12-01 12:43:00,69
12748.0,United Kingdom,210,33719.73000000016,2011-12-09 12:20:00,1768
15012.0,United Kingdom,2,423.03999999999996,2011-10-17 12:22:00,110
12868.0,United Kingdom,6,1607.0600000000009,2011-06-07 10:42:00,72
15605.0,United Kingdom,5,1198.2300000000002,2011-11-03 14:17:00,61
15922.0,United Kingdom,1,369.50000000000006,2010-12-01 13:51:00,11
15165.0,United Kingdom,1,487.7499999999999,2010-12-01 14:03:00,27
14911.0,EIRE,201,143825.05999999985,2011-12-08 15:54:00,1787
16456.0,United Kingdom,5,2158.3699999999994,2011-09-01 13:50:00,80
17346.0,United Kingdom,15,2676.560000000001,2011-12-06 12:18:00,299
17643.0,United Kingdom,1,101.55,2010-12-01 14:38:00,8
17841.0,United Kingdom,124,40991.570000000356,2011-12-08 12:07:00,1323
17873.0,United Kingdom,5,1859.1600000000008,2011-09-20 16:41:00,24
13093.0,United Kingdom,8,7832.4699999999975,2011-03-09 12:14:00,97
13468.0,United Kingdom,37,5704.970000000003,2011-12-08 10:39:00,184
17760.0,United Kingdom,2,287.59000000000003,2011-11-18 10:56:00,25
16928.0,United Kingdom,17,2847.599999999998,2011-09-20 15:10:00,69
16274.0,United Kingdom,1,357.9499999999999,2010-12-01 15:35:00,64
13777.0,United Kingdom,33,25977.160000000003,2011-12-09 12:25:00,36
17690.0,United Kingdom,15,4757.950000000001,2011-11-09 15:17:00,186
18229.0,United Kingdom,20,7276.900000000001,2011-11-28 09:48:00,66
14142.0,United Kingdom,1,311.81,2010-12-01 16:33:00,22
13065.0,United Kingdom,1,205.86,2010-12-01 16:52:00,14
16835.0,United Kingdom,2,180.85000000000002,2011-08-03 13:50:00,10
15235.0,United Kingdom,12,2247.51,2011-05-06 09:44:00,132
13576.0,United Kingdom,18,6717.34,2011-11-29 15:34:00,78
18011.0,United Kingdom,1,102.79000000000002,2010-12-01 17:35:00,28
15694.0,United Kingdom,14,6479.399999999999,2011-12-09 09:44:00,42
17732.0,United Kingdom,1,303.97,2010-12-02 09:29:00,18
15752.0,United Kingdom,7,2637.380000000003,2011-10-31 11:37:00,236
17855.0,United Kingdom,1,208.96999999999997,2010-12-02 09:44:00,17
14047.0,United Kingdom,5,1308.6100000000001,2011-12-01 11:43:00,22
17925.0,United Kingdom,1,244.08,2010-12-02 10:10:00,1
13108.0,United Kingdom,1,350.06,2010-12-02 10:35:00,10
15601.0,United Kingdom,14,6776.559999999996,2011-11-28 15:15:00,230
14388.0,United Kingdom,8,3212.84,2011-11-29 13:32:00,124
14901.0,United Kingdom,9,1421.2900000000002,2011-11-28 17:09:00,73
16244.0,United Kingdom,2,1522.7500000000002,2011-05-12 10:18:00,88
15111.0,United Kingdom,3,1567.48,2011-11-10 16:58:00,70
16546.0,United Kingdom,2,787.1500000000001,2011-02-22 11:20:00,25
14060.0,United Kingdom,19,6140.42,2011-12-05 12:29:00,86
16752.0,United Kingdom,1,207.5,2010-12-02 12:18:00,9
15363.0,United Kingdom,1,326.0,2010-12-02 12:28:00,16
15544.0,United Kingdom,9,3546.7099999999973,2011-11-30 16:43:00,122
15738.0,United Kingdom,16,4812.419999999998,2011-11-21 08:26:00,46
17381.0,United Kingdom,29,20275.60999999999,2011-12-01 11:59:00,40
15827.0,United Kingdom,14,1836.0900000000006,2011-09-27 15:35:00,72
13117.0,United Kingdom,8,984.9099999999995,2011-11-18 12:02:00,66
16916.0,United Kingdom,2,576.26,2011-11-16 12:08:00,129
17964.0,United Kingdom,2,471.70000000000005,2011-11-08 10:44:00,84
16510.0,United Kingdom,1,248.1,2010-12-02 13:39:00,13
17802.0,United Kingdom,3,1285.0399999999997,2011-09-18 14:56:00,102
16781.0,United Kingdom,1,311.25,2010-12-02 14:26:00,17
13491.0,United Kingdom,10,1215.8200000000002,2011-10-19 08:32:00,73
16186.0,United Kingdom,12,4006.9400000000023,2011-11-17 12:43:00,87
17685.0,United Kingdom,7,3191.5300000000007,2011-11-23 11:36:00,88
17581.0,United Kingdom,25,11045.039999999997,2011-12-09 12:21:00,229
15823.0,United Kingdom,1,15.0,2010-12-02 15:08:00,1
15061.0,United Kingdom,48,54534.140000000014,2011-12-06 12:06:00,70
16203.0,United Kingdom,4,592.9000000000001,2011-10-12 12:31:00,27
15640.0,United Kingdom,15,12515.65999999999,2011-12-05 14:35:00,240
15574.0,United Kingdom,4,702.2499999999999,2011-06-15 12:01:00,131
17838.0,United Kingdom,5,2779.2999999999993,2011-11-13 11:20:00,96
14829.0,United Kingdom,4,697.55,2011-11-10 16:16:00,39
15299.0,United Kingdom,7,4507.01,2011-10-03 14:19:00,7
15646.0,United Kingdom,3,447.64,2011-07-05 09:53:00,35
13402.0,United Kingdom,2,621.2299999999999,2011-08-04 15:51:00,32
17757.0,United Kingdom,30,5605.289999999997,2011-12-08 15:31:00,275
14576.0,United Kingdom,1,35.400000000000006,2010-12-02 17:51:00,1
13145.0,United Kingdom,4,618.52,2011-10-31 12:45:00,5
14395.0,United Kingdom,9,3507.71,2011-12-07 14:34:00,181
14865.0,United Kingdom,2,52.2,2011-12-02 16:25:00,4
16150.0,United Kingdom,5,2053.019999999999,2011-10-28 12:39:00,91
17552.0,United Kingdom,4,930.41,2011-10-10 17:00:00,43
12967.0,United Kingdom,2,1660.9,2010-12-16 19:10:00,19
12686.0,France,1,89.13999999999999,2010-12-03 09:51:00,7
13370.0,United Kingdom,1,754.8700000000002,2010-12-03 10:26:00,39
12841.0,United Kingdom,25,4022.350000000001,2011-12-05 11:13:00,229
16905.0,United Kingdom,7,3102.4299999999994,2011-12-04 14:01:00,117
16891.0,United Kingdom,5,809.6999999999996,2011-12-08 11:15:00,166
17884.0,United Kingdom,4,717.4499999999999,2011-12-06 11:33:00,107
12557.0,Spain,5,11990.96,2011-11-23 16:59:00,15
14083.0,United Kingdom,9,1018.4299999999998,2011-12-05 13:14:00,162
13013.0,United Kingdom,13,4810.9400000000005,2011-12-08 15:01:00,155
14210.0,United Kingdom,6,1905.8400000000004,2011-08-26 12:36:00,66
16013.0,United Kingdom,47,37130.59999999999,2011-12-06 10:36:00,30
16926.0,United Kingdom,1,230.25000000000003,2010-12-03 13:42:00,14
12682.0,France,31,12288.220000000012,2011-12-06 10:00:00,209
17819.0,United Kingdom,7,3704.8699999999994,2011-09-29 10:52:00,36
12712.0,Germany,13,4396.130000000001,2011-11-11 08:19:00,58
15373.0,United Kingdom,12,2415.9100000000008,2011-12-01 15:05:00,74
16140.0,United Kingdom,2,725.18,2011-10-05 12:15:00,32
17238.0,United Kingdom,17,3744.6500000000015,2011-12-07 11:35:00,297
15769.0,United Kingdom,26,56252.72,2011-12-02 13:52:00,26
14396.0,United Kingdom,2,487.99,2011-10-05 16:09:00,71
16455.0,United Kingdom,7,1841.18,2011-10-07 12:17:00,69
17243.0,United Kingdom,26,8676.849999999997,2011-12-08 13:26:00,180
15465.0,United Kingdom,18,7354.619999999999,2011-11-20 10:11:00,43
13089.0,United Kingdom,97,58825.83000000014,2011-12-07 09:02:00,636
16033.0,United Kingdom,20,8816.399999999981,2011-12-04 12:44:00,538
13838.0,United Kingdom,4,691.7299999999996,2011-12-04 11:00:00,144
13069.0,United Kingdom,24,4436.119999999998,2011-12-09 08:39:00,281
16241.0,United Kingdom,13,2607.870000000005,2011-11-30 11:08:00,347
14800.0,United Kingdom,12,4339.74,2011-10-23 12:46:00,246
16168.0,United Kingdom,27,3787.6,2011-11-29 12:45:00,57
16931.0,United Kingdom,21,4604.219999999994,2011-12-04 13:15:00,448
16814.0,United Kingdom,21,6509.100000000002,2011-11-25 13:27:00,122
13269.0,United Kingdom,15,5346.230000000002,2011-12-08 14:53:00,177
12567.0,France,10,9401.279999999997,2011-11-17 11:02:00,323
17062.0,United Kingdom,4,538.3699999999998,2011-01-30 11:01:00,52
15332.0,Lithuania,4,1661.06,2010-12-08 14:43:00,29
14810.0,United Kingdom,11,2087.879999999999,2011-10-30 11:19:00,106
18118.0,United Kingdom,26,5653.81999999999,2011-11-29 11:32:00,424
13831.0,United Kingdom,6,2202.99,2011-11-23 15:41:00,58
13506.0,United Kingdom,2,458.52000000000004,2011-01-27 13:53:00,26
15716.0,United Kingdom,4,1118.8100000000002,2011-07-17 11:59:00,101
18156.0,United Kingdom,2,734.94,2011-11-27 12:24:00,100
16983.0,United Kingdom,7,1931.2499999999998,2011-11-27 12:10:00,112
16327.0,United Kingdom,6,3844.220000000001,2011-11-25 13:23:00,142
17211.0,United Kingdom,8,2317.2200000000003,2011-11-13 12:03:00,150
17026.0,United Kingdom,2,154.82999999999998,2011-06-07 14:28:00,4
15880.0,United Kingdom,1,343.2799999999999,2010-12-05 13:00:00,95
15023.0,United Kingdom,11,6802.759999999992,2011-12-06 17:23:00,347
17402.0,United Kingdom,13,2633.8500000000004,2011-12-05 10:15:00,33
12647.0,Germany,12,3722.8200000000006,2011-11-17 12:56:00,79
15867.0,United Kingdom,15,3812.6399999999994,2011-12-04 13:32:00,302
14506.0,United Kingdom,5,2012.17,2011-11-22 13:02:00,204
15889.0,United Kingdom,2,446.86999999999983,2011-07-06 11:10:00,79
15953.0,United Kingdom,8,1659.3799999999997,2011-11-24 15:32:00,63
12720.0,Germany,25,5781.730000000001,2011-12-07 08:03:00,211
12747.0,United Kingdom,11,4196.010000000001,2011-12-07 14:34:00,42
15502.0,United Kingdom,12,10384.929999999997,2011-11-24 12:48:00,164
14081.0,United Kingdom,2,934.5200000000001,2011-02-10 16:17:00,126
17965.0,United Kingdom,14,2622.5700000000006,2011-11-02 09:31:00,274
17677.0,United Kingdom,30,16363.229999999992,2011-12-08 09:56:00,178
16858.0,United Kingdom,1,375.69000000000005,2010-12-06 09:52:00,9
16161.0,United Kingdom,19,5575.560000000004,2011-12-08 12:10:00,286
18219.0,United Kingdom,10,2069.7699999999995,2011-12-07 11:43:00,58
14293.0,United Kingdom,4,1046.5599999999995,2011-12-06 15:17:00,51
16638.0,United Kingdom,10,1680.72,2011-11-17 11:09:00,92
17674.0,United Kingdom,2,551.0400000000001,2011-09-26 13:35:00,19
15899.0,United Kingdom,1,56.25,2010-12-06 10:36:00,4
14443.0,United Kingdom,4,1420.2,2011-10-17 10:10:00,84
17691.0,United Kingdom,2,290.4,2010-12-16 17:20:00,18
17227.0,United Kingdom,6,939.3200000000002,2011-11-21 10:51:00,28
15039.0,United Kingdom,47,19914.439999999933,2011-11-30 11:31:00,408
13497.0,United Kingdom,2,348.05,2011-03-02 09:04:00,19
15860.0,United Kingdom,8,977.2099999999994,2011-10-30 11:25:00,105
14344.0,United Kingdom,8,889.9300000000003,2011-08-04 13:51:00,56
16719.0,United Kingdom,7,1790.4200000000003,2011-11-25 09:27:00,107
15301.0,United Kingdom,12,5070.35,2011-10-20 09:57:00,167
14825.0,United Kingdom,12,2226.9099999999994,2011-12-06 11:38:00,82
17596.0,United Kingdom,7,2827.930000000002,2011-11-16 14:11:00,168
14085.0,United Kingdom,18,4448.539999999997,2011-12-07 13:46:00,272
13155.0,United Kingdom,4,971.76,2011-11-06 15:41:00,67
17259.0,United Kingdom,2,603.3700000000001,2011-07-14 15:01:00,104
17019.0,United Kingdom,4,1272.61,2011-11-28 13:06:00,166
16722.0,United Kingdom,13,4730.81,2011-11-22 13:28:00,96
15882.0,United Kingdom,4,516.3599999999999,2011-05-25 11:35:00,23
16710.0,United Kingdom,10,2483.040000000001,2011-11-20 14:50:00,268
15984.0,United Kingdom,10,2837.670000000002,2011-12-07 12:16:00,217
17682.0,United Kingdom,6,2474.3300000000004,2011-11-29 15:59:00,48
15356.0,United Kingdom,10,2766.5000000000014,2011-11-08 13:11:00,215
13030.0,United Kingdom,2,799.48,2011-11-28 14:30:00,76
13495.0,United Kingdom,5,2044.87,2011-12-02 11:21:00,34
17519.0,United Kingdom,6,1844.0199999999998,2011-11-22 16:43:00,60
17320.0,United Kingdom,3,1200.6200000000001,2011-08-31 13:31:00,57
17869.0,United Kingdom,5,428.17999999999995,2011-08-24 16:16:00,37
13564.0,United Kingdom,3,1749.0200000000004,2011-07-18 14:33:00,68
13963.0,United Kingdom,4,664.54,2011-02-04 14:43:00,35
17470.0,United Kingdom,5,1125.0700000000002,2011-10-26 12:42:00,67
17616.0,United Kingdom,3,571.2,2011-06-19 10:11:00,1
14733.0,United Kingdom,12,9585.909999999996,2011-11-23 15:39:00,102
18119.0,United Kingdom,1,181.12,2010-12-07 11:59:00,29
14282.0,United Kingdom,15,3729.340000000001,2011-12-06 17:04:00,70
13488.0,United Kingdom,13,8968.31,2011-11-22 14:41:00,271
15002.0,United Kingdom,4,1641.76,2011-08-16 10:44:00,93
17675.0,United Kingdom,31,20374.279999999977,2011-12-08 18:03:00,239
13769.0,United Kingdom,10,2796.5100000000007,2011-12-07 15:08:00,73
13880.0,United Kingdom,13,3219.7700000000004,2011-11-18 13:44:00,125
15858.0,United Kingdom,5,1438.8499999999997,2011-11-24 12:48:00,145
15180.0,United Kingdom,1,87.50000000000001,2010-12-07 14:57:00,6
14739.0,United Kingdom,7,3902.2799999999997,2011-12-05 16:54:00,47
16293.0,United Kingdom,10,2248.9900000000007,2011-11-18 09:58:00,102
17419.0,United Kingdom,12,4226.570000000001,2011-11-28 13:47:00,155
16306.0,United Kingdom,6,632.27,2011-05-10 12:12:00,36
13807.0,United Kingdom,1,112.6,2010-12-07 15:48:00,7
15081.0,United Kingdom,5,504.79999999999995,2011-11-17 17:08:00,26
17870.0,United Kingdom,12,1894.3500000000001,2011-12-07 15:07:00,214
16863.0,United Kingdom,2,502.80000000000007,2011-11-08 15:26:00,25
12709.0,Germany,15,9736.519999999995,2011-11-24 15:38:00,93
18077.0,United Kingdom,11,2633.01,2011-12-01 13:32:00,101
13983.0,United Kingdom,12,2603.4300000000003,2011-11-10 11:06:00,91
12441.0,France,1,173.55,2010-12-08 10:45:00,11
13199.0,United Kingdom,38,9817.119999999999,2011-12-06 12:30:00,48
16081.0,United Kingdom,5,2806.900000000001,2011-10-14 13:06:00,175
16525.0,United Kingdom,26,13027.450000000004,2011-12-07 15:07:00,75
16122.0,United Kingdom,4,684.4200000000001,2011-09-27 15:34:00,26
13126.0,United Kingdom,8,2099.6400000000003,2011-12-05 10:00:00,124
15973.0,United Kingdom,1,307.82,2010-12-08 11:42:00,4
16893.0,United Kingdom,1,145.93,2010-12-08 12:06:00,44
15529.0,United Kingdom,11,3995.229999999997,2011-11-17 11:29:00,415
17722.0,United Kingdom,4,2424.0399999999995,2011-09-04 15:22:00,111
17324.0,United Kingdom,4,990.23,2011-11-22 10:34:00,43
14051.0,United Kingdom,23,15610.39,2011-12-09 10:20:00,52
16385.0,United Kingdom,3,555.89,2011-10-10 13:12:00,52
16713.0,United Kingdom,15,6923.129999999999,2011-11-21 12:36:00,338
17213.0,United Kingdom,7,2781.2300000000005,2011-10-30 14:53:00,85
18061.0,United Kingdom,10,2119.4099999999994,2011-11-18 11:20:00,18
15916.0,United Kingdom,8,1528.0899999999997,2011-11-23 13:46:00,124
15221.0,United Kingdom,1,403.25,2010-12-08 13:08:00,5
13113.0,United Kingdom,24,12245.960000000001,2011-12-09 12:49:00,95
14217.0,United Kingdom,17,2004.9799999999996,2011-12-08 11:53:00,78
17262.0,United Kingdom,5,1253.3600000000001,2011-10-18 12:56:00,9
18259.0,United Kingdom,3,2338.6,2011-11-15 12:34:00,27
16679.0,United Kingdom,1,129.75,2010-12-08 13:51:00,3
15298.0,United Kingdom,12,4799.899999999999,2011-12-07 17:17:00,115
15581.0,United Kingdom,13,3679.9700000000007,2011-08-11 09:38:00,134
13649.0,United Kingdom,2,346.6,2011-03-28 11:51:00,23
17894.0,United Kingdom,8,1119.81,2011-09-29 09:23:00,127
13531.0,United Kingdom,2,483.80000000000007,2011-05-18 16:56:00,17
13848.0,United Kingdom,3,1255.0,2011-09-08 12:58:00,3
15713.0,United Kingdom,2,356.7,2011-07-19 13:34:00,18
17999.0,United Kingdom,2,382.06,2011-11-02 15:56:00,87
15347.0,United Kingdom,1,201.60000000000002,2010-12-08 15:25:00,5
13984.0,United Kingdom,5,920.51,2011-11-13 12:38:00,14
14243.0,United Kingdom,10,2588.77,2011-12-01 11:12:00,99
15079.0,United Kingdom,4,895.6099999999999,2011-05-11 12:45:00,46
12942.0,United Kingdom,3,683.9000000000002,2011-07-31 14:39:00,68
15660.0,United Kingdom,9,1600.86,2011-11-14 16:58:00,55
15358.0,United Kingdom,22,8347.199999999993,2011-12-05 09:04:00,292
13319.0,United Kingdom,26,10845.549999999996,2011-12-04 13:34:00,209
12481.0,Germany,10,5596.3200000000015,2011-11-17 08:29:00,150
14299.0,United Kingdom,9,3965.62,2011-12-01 16:05:00,94
18071.0,United Kingdom,2,453.0,2011-03-27 11:59:00,23
12683.0,France,15,8476.569999999998,2011-12-05 16:31:00,177
13854.0,United Kingdom,25,8109.519999999999,2011-12-01 09:06:00,39
12797.0,Portugal,1,254.02999999999997,2010-12-09 10:55:00,13
16782.0,United Kingdom,13,2279.9,2011-11-29 13:20:00,103
13369.0,United Kingdom,1,308.28,2010-12-09 11:30:00,14
12494.0,France,7,1246.1000000000004,2011-11-24 09:34:00,63
17857.0,United Kingdom,23,26879.04,2011-12-05 13:13:00,19
14932.0,Channel Islands,1,363.53,2010-12-09 11:48:00,17
14987.0,United Kingdom,2,326.4,2011-11-24 09:59:00,2
14355.0,United Kingdom,1,174.4,2010-12-09 12:16:00,11
17526.0,United Kingdom,4,1195.9,2011-12-05 11:05:00,17
14440.0,United Kingdom,5,2357.6800000000007,2011-12-01 15:42:00,33
13240.0,United Kingdom,4,663.6500000000002,2011-09-04 14:08:00,59
16065.0,United Kingdom,1,372.08999999999975,2010-12-09 13:03:00,71
13982.0,United Kingdom,4,1871.81,2011-10-31 16:24:00,72
17978.0,United Kingdom,1,300.92,2010-12-09 14:05:00,12
16795.0,United Kingdom,1,414.88000000000005,2010-12-09 14:08:00,64
17816.0,United Kingdom,4,36.56,2011-11-03 11:34:00,16
16255.0,United Kingdom,8,2619.9099999999994,2011-11-23 12:40:00,146
17671.0,United Kingdom,4,1572.7099999999998,2011-11-24 12:21:00,40
12872.0,United Kingdom,2,599.9699999999997,2011-01-17 10:52:00,58
15380.0,United Kingdom,5,1690.2599999999998,2011-12-01 12:13:00,22
13327.0,United Kingdom,8,3627.769999999999,2011-11-01 10:21:00,74
15596.0,United Kingdom,5,1406.5900000000004,2011-08-31 10:55:00,51
17576.0,United Kingdom,19,3622.6799999999985,2011-12-01 17:56:00,245
14713.0,United Kingdom,11,2666.3600000000015,2011-11-30 16:26:00,146
14702.0,United Kingdom,17,3292.1400000000017,2011-12-08 19:29:00,196
13230.0,United Kingdom,14,2806.9699999999993,2011-12-05 16:03:00,393
13969.0,United Kingdom,18,9053.940000000002,2011-12-02 15:11:00,334
17696.0,United Kingdom,8,2285.710000000001,2011-11-01 13:43:00,78
16265.0,United Kingdom,9,5447.000000000003,2011-11-30 16:41:00,164
16499.0,United Kingdom,2,365.45000000000005,2010-12-14 13:31:00,18
14419.0,United Kingdom,6,1058.0599999999997,2011-11-29 11:22:00,112
14082.0,United Kingdom,1,182.24999999999997,2010-12-10 11:02:00,28
17912.0,United Kingdom,5,311.00999999999993,2011-02-02 14:25:00,35
16656.0,United Kingdom,15,8625.8,2011-11-17 14:43:00,14
16062.0,United Kingdom,4,1153.6199999999997,2011-11-30 12:15:00,50
16019.0,United Kingdom,9,3786.24,2011-10-24 11:51:00,133
13148.0,United Kingdom,12,3707.120000000002,2011-11-10 15:23:00,231
12989.0,United Kingdom,15,6924.109999999999,2011-12-06 15:28:00,41
12785.0,Portugal,1,311.95,2010-12-10 13:48:00,14
16727.0,United Kingdom,1,272.82,2010-12-10 13:48:00,41
13787.0,United Kingdom,2,309.04,2011-09-25 12:06:00,24
17865.0,United Kingdom,20,10526.319999999994,2011-11-09 12:08:00,191
17220.0,United Kingdom,14,3198.250000000002,2011-11-15 13:47:00,303
14062.0,United Kingdom,12,10464.849999999999,2011-11-30 10:04:00,60
14448.0,United Kingdom,2,375.35,2011-11-30 13:50:00,20
14577.0,United Kingdom,4,859.7100000000005,2011-11-27 12:47:00,86
17126.0,United Kingdom,5,1004.7499999999998,2011-07-10 13:52:00,187
17236.0,United Kingdom,6,916.1300000000001,2011-11-27 12:00:00,88
16367.0,United Kingdom,2,804.4900000000002,2011-11-02 13:13:00,123
12875.0,United Kingdom,2,343.2300000000001,2011-07-19 15:30:00,1
17917.0,United Kingdom,3,341.27999999999986,2011-10-25 13:20:00,77
16010.0,United Kingdom,3,407.49999999999994,2011-04-08 10:14:00,62
17085.0,United Kingdom,5,1566.6499999999999,2011-08-08 14:15:00,115
15224.0,United Kingdom,2,322.08,2010-12-16 15:02:00,13
14684.0,United Kingdom,5,1236.2799999999997,2011-11-14 11:33:00,231
15547.0,United Kingdom,14,4954.839999999994,2011-12-02 12:52:00,441
18004.0,United Kingdom,1,169.47000000000003,2010-12-12 13:47:00,32
16665.0,United Kingdom,1,135.4,2010-12-12 14:03:00,9
17618.0,United Kingdom,3,971.5799999999999,2011-12-04 11:50:00,56
12540.0,Spain,17,13400.23999999999,2011-11-20 11:31:00,277
16701.0,United Kingdom,13,5398.299999999999,2011-12-01 11:10:00,99
16927.0,United Kingdom,3,543.0500000000001,2011-08-16 11:10:00,5
17990.0,United Kingdom,3,630.8400000000001,2011-04-17 11:44:00,27
14565.0,United Kingdom,4,3099.1200000000013,2011-09-05 09:07:00,111
16726.0,United Kingdom,5,1382.02,2011-11-13 14:53:00,121
17611.0,United Kingdom,15,3984.220000000001,2011-12-02 13:29:00,440
17231.0,United Kingdom,10,3174.3200000000033,2011-11-27 15:18:00,292
17524.0,United Kingdom,1,145.0,2010-12-13 14:32:00,6
12476.0,Germany,11,6816.420000000002,2011-11-24 12:40:00,177
17890.0,United Kingdom,2,602.0900000000001,2011-01-21 11:19:00,88
17969.0,United Kingdom,2,228.20000000000002,2011-06-26 13:00:00,14
14625.0,United Kingdom,2,899.63,2011-05-27 15:32:00,51
15777.0,United Kingdom,4,1047.1100000000001,2011-04-12 16:43:00,18
13948.0,United Kingdom,1,101.99999999999999,2010-12-14 10:18:00,3
16202.0,United Kingdom,1,365.2700000000001,2010-12-14 10:43:00,18
14524.0,United Kingdom,9,1867.680000000001,2011-11-08 12:29:00,161
16083.0,United Kingdom,2,1317.6200000000001,2011-08-31 10:47:00,31
17194.0,United Kingdom,2,262.62,2011-03-11 12:05:00,26
18044.0,United Kingdom,10,2088.6000000000004,2011-12-05 14:26:00,88
14298.0,United Kingdom,44,51527.3,2011-12-01 13:12:00,884
17158.0,United Kingdom,3,1266.97,2011-11-07 15:15:00,53
16556.0,United Kingdom,7,3313.79,2011-10-04 11:36:00,144
16503.0,United Kingdom,4,1431.9300000000005,2011-08-25 11:46:00,71
17739.0,United Kingdom,7,2791.35,2011-11-28 09:12:00,29
13238.0,United Kingdom,4,700.7300000000001,2011-11-22 15:37:00,20
12829.0,United Kingdom,2,293.0,2011-01-07 11:13:00,9
13097.0,United Kingdom,10,6010.419999999992,2011-11-07 10:43:00,214
15392.0,United Kingdom,4,1535.5300000000004,2011-12-05 11:01:00,74
12867.0,United Kingdom,7,4036.819999999999,2011-11-13 15:30:00,240
14401.0,United Kingdom,13,4051.4799999999996,2011-12-05 13:30:00,113
16145.0,United Kingdom,11,3799.4899999999984,2011-12-01 10:33:00,134
17629.0,United Kingdom,8,1814.12,2011-12-04 10:56:00,106
14150.0,United Kingdom,2,658.64,2011-11-04 10:05:00,23
13496.0,United Kingdom,2,653.3299999999999,2011-11-29 10:58:00,28
16954.0,United Kingdom,9,2085.08,2011-12-09 09:46:00,40
17454.0,United Kingdom,4,517.5300000000002,2011-05-31 13:58:00,57
17449.0,United Kingdom,7,2520.86,2011-12-07 16:56:00,178
13295.0,United Kingdom,1,201.20000000000005,2010-12-15 11:21:00,10
17230.0,United Kingdom,8,3638.41,2011-03-20 16:12:00,51
15384.0,United Kingdom,2,642.4099999999999,2011-06-23 10:57:00,34
13092.0,United Kingdom,5,477.8299999999999,2011-09-30 11:18:00,19
13426.0,United Kingdom,10,3641.3199999999997,2011-12-09 08:59:00,103
17692.0,United Kingdom,4,740.9399999999999,2011-08-04 14:01:00,34
16134.0,United Kingdom,2,618.0899999999999,2011-11-18 10:05:00,34
15641.0,United Kingdom,4,1887.2000000000007,2011-08-26 14:04:00,102
13124.0,United Kingdom,3,3866.329999999999,2011-09-11 12:45:00,185
15456.0,United Kingdom,3,447.22,2011-03-01 13:51:00,48
15062.0,United Kingdom,4,987.8599999999999,2011-09-29 16:51:00,47
15727.0,United Kingdom,7,5178.960000000002,2011-11-23 12:36:00,213
17980.0,United Kingdom,3,811.45,2011-06-27 12:01:00,23
15615.0,United Kingdom,23,10399.740000000005,2011-11-29 14:42:00,184
12577.0,France,3,657.7999999999997,2011-11-04 13:24:00,137
16607.0,United Kingdom,14,3347.7100000000014,2011-11-22 10:24:00,140
13317.0,United Kingdom,6,2273.68,2011-10-04 13:35:00,100
17001.0,United Kingdom,11,3989.5700000000006,2011-12-09 09:38:00,75
16037.0,United Kingdom,3,855.0200000000001,2011-03-15 09:13:00,37
14841.0,United Kingdom,6,3295.7600000000007,2011-10-17 15:03:00,103
16670.0,United Kingdom,11,4095.900000000001,2011-11-23 09:34:00,179
16705.0,United Kingdom,20,14034.989999999993,2011-12-09 12:08:00,133
15563.0,United Kingdom,4,1400.44,2011-11-17 14:50:00,88
12980.0,United Kingdom,9,7374.900000000001,2011-07-05 09:34:00,6
16746.0,United Kingdom,18,6697.660000000006,2011-12-05 12:33:00,234
16470.0,United Kingdom,4,762.3899999999999,2011-10-19 12:11:00,120
16743.0,United Kingdom,7,2238.09,2011-11-10 13:13:00,89
12877.0,United Kingdom,12,1535.7700000000002,2011-12-06 10:30:00,100
15394.0,United Kingdom,4,2183.539999999999,2011-11-30 11:49:00,54
15379.0,United Kingdom,7,3703.289999999999,2011-06-23 13:13:00,145
14709.0,United Kingdom,13,4921.040000000002,2011-11-24 15:41:00,71
17744.0,United Kingdom,6,2322.4,2011-12-06 12:11:00,110
15620.0,United Kingdom,3,1553.1799999999998,2011-10-14 12:41:00,92
16560.0,United Kingdom,2,841.4099999999999,2011-11-13 10:35:00,53
18176.0,United Kingdom,1,476.34999999999997,2010-12-16 15:45:00,30
14092.0,United Kingdom,14,4076.9100000000008,2011-12-02 12:13:00,117
15366.0,United Kingdom,2,602.5100000000001,2011-09-25 15:01:00,37
14735.0,United Kingdom,32,6065.6900000000005,2011-12-06 12:09:00,99
16271.0,United Kingdom,5,1429.24,2011-12-07 12:45:00,89
16816.0,United Kingdom,4,417.06000000000006,2011-08-28 14:16:00,28
13874.0,United Kingdom,1,540.4499999999999,2010-12-16 18:20:00,18
18260.0,United Kingdom,6,2643.2,2011-06-20 12:37:00,86
17392.0,United Kingdom,2,457.90999999999997,2011-02-06 12:48:00,53
12931.0,United Kingdom,15,42055.96,2011-11-18 12:39:00,28
13627.0,United Kingdom,5,1638.4699999999998,2011-10-11 14:20:00,84
12417.0,Belgium,9,3649.1000000000026,2011-12-06 14:52:00,158
12726.0,France,7,2609.1000000000004,2011-11-11 13:35:00,57
17888.0,United Kingdom,8,726.05,2011-11-18 13:45:00,60
17007.0,United Kingdom,6,889.9300000000001,2011-10-20 10:47:00,50
13869.0,United Kingdom,4,3104.950000000001,2011-08-08 13:53:00,234
12705.0,Germany,9,6868.290000000001,2011-11-24 13:17:00,228
16885.0,United Kingdom,3,471.5099999999999,2011-11-24 13:40:00,82
17913.0,United Kingdom,2,411.6,2011-10-12 10:45:00,55
12668.0,Germany,4,3807.150000000002,2011-11-28 10:56:00,115
14472.0,United Kingdom,8,1936.8400000000015,2011-08-28 11:01:00,153
16153.0,United Kingdom,5,1824.23,2011-10-21 10:50:00,78
14646.0,Netherlands,74,280206.01999999955,2011-12-08 12:12:00,701
12944.0,United Kingdom,2,604.51,2011-11-04 11:04:00,29
15279.0,United Kingdom,1,290.51000000000005,2010-12-20 10:48:00,19
14099.0,United Kingdom,11,3104.1700000000014,2011-11-23 13:53:00,167
13104.0,United Kingdom,6,1098.48,2011-12-06 13:10:00,14
14113.0,United Kingdom,4,1840.42,2011-12-06 12:18:00,26
15312.0,United Kingdom,4,924.8500000000001,2011-09-25 13:10:00,42
17621.0,United Kingdom,3,1379.9,2011-11-18 17:11:00,24
17090.0,United Kingdom,7,2043.950000000001,2011-12-05 13:44:00,45
18097.0,United Kingdom,6,2697.8,2011-12-02 11:16:00,65
12423.0,Belgium,8,1859.3100000000004,2011-12-09 10:10:00,97
17306.0,United Kingdom,19,8631.310000000001,2011-11-29 12:14:00,13
16270.0,United Kingdom,1,1141.2400000000002,2010-12-21 14:26:00,54
13487.0,United Kingdom,3,575.4,2011-10-13 12:07:00,26
13953.0,United Kingdom,7,3515.6800000000007,2011-12-02 16:04:00,8
12734.0,France,1,110.4,2010-12-22 12:47:00,4
15587.0,United Kingdom,4,913.6800000000001,2011-10-20 13:37:00,3
12585.0,Germany,2,2040.0999999999995,2011-04-19 13:39:00,77
13304.0,United Kingdom,1,300.4199999999999,2010-12-23 14:35:00,21
13313.0,United Kingdom,5,1555.3200000000002,2011-11-17 16:48:00,47
16282.0,United Kingdom,1,168.3,2011-01-04 11:42:00,11
13680.0,United Kingdom,4,3722.4199999999983,2011-12-08 13:47:00,164
17457.0,United Kingdom,5,1737.6999999999998,2011-08-05 12:48:00,14
14732.0,United Kingdom,8,2702.49,2011-12-01 14:34:00,105
14221.0,United Kingdom,9,3432.7999999999997,2011-10-28 13:42:00,123
13253.0,United Kingdom,2,1030.3999999999999,2011-07-06 10:09:00,35
13629.0,United Kingdom,11,7792.36,2011-11-16 13:21:00,28
15661.0,United Kingdom,2,309.80000000000007,2011-01-26 13:56:00,4
16532.0,United Kingdom,3,6748.8,2011-11-22 11:08:00,2
14653.0,United Kingdom,7,1947.5499999999997,2011-12-08 13:45:00,154
16771.0,United Kingdom,5,2246.810000000002,2011-11-06 13:28:00,200
13082.0,United Kingdom,9,3613.6300000000006,2011-08-05 16:16:00,63
15464.0,United Kingdom,1,1048.8500000000004,2011-01-05 15:56:00,155
18226.0,United Kingdom,11,5228.050000000002,2011-10-26 13:36:00,141
14618.0,United Kingdom,3,553.44,2011-11-30 13:45:00,10
12735.0,France,2,779.5699999999998,2011-01-28 13:37:00,38
13656.0,United Kingdom,2,379.65,2011-06-28 10:31:00,49
12413.0,France,3,758.0999999999999,2011-10-04 09:00:00,29
14312.0,United Kingdom,6,1611.5899999999997,2011-10-24 09:46:00,74
16567.0,United Kingdom,2,865.5999999999999,2011-05-29 13:57:00,34
14828.0,United Kingdom,3,2139.7599999999998,2011-05-27 10:16:00,17
12530.0,Germany,4,1662.28,2011-10-11 12:34:00,51
16889.0,United Kingdom,3,1578.6700000000003,2011-05-29 11:05:00,112
16473.0,United Kingdom,3,316.11,2011-06-28 09:10:00,18
13750.0,United Kingdom,5,1647.26,2011-10-17 12:16:00,20
12501.0,Germany,1,2169.389999999999,2011-01-07 12:28:00,149
15607.0,United Kingdom,1,104.76,2011-01-07 12:44:00,13
18198.0,United Kingdom,17,5425.560000000003,2011-12-05 14:49:00,81
17284.0,United Kingdom,6,1652.5800000000017,2011-10-10 14:38:00,229
12480.0,Germany,4,3281.63,2011-11-11 14:52:00,129
13593.0,United Kingdom,5,2037.0800000000006,2011-08-23 13:35:00,77
14867.0,United Kingdom,3,710.28,2011-06-07 11:39:00,31
13162.0,United Kingdom,4,1688.29,2011-08-09 15:59:00,74
12939.0,United Kingdom,8,11581.799999999997,2011-10-06 14:33:00,21
17114.0,United Kingdom,8,808.6199999999997,2011-12-04 12:17:00,85
15059.0,United Kingdom,9,1337.7199999999998,2011-10-30 11:35:00,161
16326.0,United Kingdom,14,3110.9600000000014,2011-12-04 10:11:00,158
14761.0,United Kingdom,2,255.89999999999998,2011-10-12 12:10:00,11
17555.0,United Kingdom,2,483.2600000000001,2011-11-20 12:22:00,101
17800.0,United Kingdom,9,1199.01,2011-11-02 12:57:00,51
16748.0,United Kingdom,5,1515.8999999999996,2011-11-22 10:17:00,42
16549.0,United Kingdom,10,4154.640000000005,2011-11-29 15:06:00,445
18032.0,United Kingdom,1,73.5,2011-01-09 15:32:00,5
13451.0,United Kingdom,5,2976.149999999998,2011-11-13 15:58:00,315
12539.0,Spain,4,5568.349999999998,2011-11-17 13:30:00,157
16350.0,United Kingdom,4,1116.4699999999998,2011-11-18 15:53:00,40
12500.0,Germany,11,4257.82,2011-11-16 16:20:00,34
12524.0,Germany,8,4485.720000000001,2011-11-30 15:31:00,113
17811.0,United Kingdom,39,7837.729999999993,2011-12-05 13:46:00,359
14321.0,United Kingdom,5,1530.75,2011-11-29 09:47:00,111
17849.0,United Kingdom,4,605.8,2011-05-05 13:46:00,14
16303.0,United Kingdom,3,5360.63,2011-11-14 10:49:00,119
15281.0,United Kingdom,9,2332.1500000000005,2011-10-12 09:10:00,121
13473.0,United Kingdom,2,422.64,2011-10-10 11:20:00,21
17742.0,United Kingdom,2,355.11000000000007,2011-08-18 15:28:00,13
12601.0,Germany,5,577.0600000000001,2011-06-03 10:17:00,21
13144.0,United Kingdom,1,110.94999999999999,2011-01-11 11:15:00,3
15346.0,United Kingdom,1,252.42000000000004,2011-01-11 11:18:00,17
12643.0,France,6,3344.6400000000003,2011-08-03 12:56:00,11
18095.0,United Kingdom,2,580.0499999999998,2011-01-31 12:50:00,20
15749.0,United Kingdom,3,44534.3,2011-04-18 13:20:00,5
13672.0,United Kingdom,2,186.39,2011-02-11 13:53:00,4
13784.0,United Kingdom,11,2462.79,2011-11-30 09:33:00,9
13862.0,United Kingdom,8,2209.3600000000006,2011-11-21 16:24:00,97
16791.0,United Kingdom,7,1721.7799999999993,2011-11-10 19:12:00,218
16235.0,United Kingdom,5,867.31,2011-10-30 10:56:00,42
12523.0,France,11,1789.77,2011-11-20 12:55:00,84
16655.0,United Kingdom,6,3794.5199999999977,2011-11-22 11:25:00,208
12359.0,Cyprus,4,6372.580000000004,2011-10-13 12:47:00,214
14715.0,United Kingdom,4,867.3800000000001,2011-11-15 12:10:00,60
14185.0,United Kingdom,1,197.65,2011-01-12 13:52:00,3
12437.0,France,18,4951.410000000001,2011-12-08 11:35:00,119
14167.0,United Kingdom,4,574.8399999999999,2011-10-31 14:29:00,27
17389.0,United Kingdom,34,31833.68,2011-12-09 09:38:00,45
17048.0,United Kingdom,3,925.3499999999999,2011-08-14 11:49:00,41
17364.0,United Kingdom,11,4481.18,2011-12-09 09:00:00,288
13284.0,United Kingdom,1,201.19,2011-01-13 09:23:00,13
18190.0,United Kingdom,2,284.46,2011-05-31 14:48:00,14
14114.0,United Kingdom,2,386.53,2011-03-11 09:42:00,15
15447.0,United Kingdom,1,155.17000000000002,2011-01-13 11:26:00,9
13614.0,United Kingdom,4,1610.46,2011-11-15 14:47:00,171
12578.0,Italy,2,2794.51,2011-11-18 13:30:00,111
16493.0,United Kingdom,4,1351.6299999999999,2011-09-21 11:10:00,40
12490.0,France,10,5417.9299999999985,2011-12-04 16:07:00,131
15626.0,United Kingdom,2,675.7999999999998,2011-09-26 10:03:00,49
12553.0,France,10,3692.2799999999997,2011-12-01 16:38:00,95
14175.0,United Kingdom,3,3222.3,2011-10-11 11:55:00,139
15535.0,United Kingdom,4,536.3999999999996,2011-06-19 16:02:00,55
13700.0,United Kingdom,10,2265.12,2011-11-13 13:00:00,139
13048.0,United Kingdom,4,1835.9099999999994,2011-11-25 13:23:00,77
13634.0,United Kingdom,5,1575.16,2011-11-06 13:40:00,156
18069.0,United Kingdom,5,2036.6700000000012,2011-11-13 16:03:00,334
16843.0,United Kingdom,16,10196.570000000002,2011-10-28 09:06:00,226
17064.0,United Kingdom,3,859.35,2011-10-12 10:18:00,53
14976.0,United Kingdom,7,790.86,2011-10-13 16:37:00,47
15696.0,United Kingdom,8,2736.4600000000005,2011-11-06 14:02:00,140
12820.0,United Kingdom,4,942.3399999999999,2011-12-06 15:12:00,55
14101.0,United Kingdom,6,5976.79,2011-09-27 12:28:00,15
14238.0,United Kingdom,1,146.85,2011-01-17 14:40:00,8
14657.0,United Kingdom,4,848.2200000000003,2011-11-22 12:47:00,103
13859.0,United Kingdom,1,201.16,2011-01-17 16:14:00,27
18212.0,United Kingdom,1,248.42000000000007,2011-01-17 16:14:00,30
18233.0,United Kingdom,1,440.0,2011-01-18 08:44:00,1
17018.0,United Kingdom,2,920.1,2011-10-30 11:42:00,15
12346.0,United Kingdom,1,77183.6,2011-01-18 10:01:00,1
16997.0,United Kingdom,3,702.0,2011-02-24 17:28:00,7
12510.0,Spain,2,982.5699999999999,2011-07-20 10:15:00,29
13263.0,United Kingdom,35,7454.069999999987,2011-12-08 13:59:00,450
14428.0,United Kingdom,5,1244.83,2011-12-02 13:17:00,108
12665.0,Germany,1,63.0,2011-01-19 08:34:00,3
12451.0,Switzerland,5,9035.519999999999,2011-11-29 08:40:00,265
14090.0,United Kingdom,1,76.32000000000001,2011-01-19 10:51:00,1
15606.0,United Kingdom,9,2920.1600000000008,2011-10-09 15:47:00,48
13310.0,United Kingdom,3,1132.0299999999997,2011-11-11 17:23:00,65
15831.0,United Kingdom,3,801.76,2011-10-12 13:14:00,63
17602.0,United Kingdom,6,5102.969999999999,2011-12-07 13:53:00,335
13502.0,United Kingdom,3,291.99999999999994,2011-11-23 10:39:00,17
12637.0,France,8,6021.899999999999,2011-10-03 13:46:00,205
14779.0,United Kingdom,3,386.1499999999999,2011-03-04 12:42:00,40
17862.0,United Kingdom,1,330.9,2011-01-20 12:23:00,11
15422.0,United Kingdom,2,97.7,2011-01-20 16:17:00,6
13008.0,United Kingdom,1,229.47000000000003,2011-01-20 14:24:00,14
14770.0,United Kingdom,2,876.4199999999996,2011-04-21 14:21:00,49
16912.0,United Kingdom,11,2575.3800000000006,2011-11-11 12:18:00,88
16618.0,United Kingdom,5,2647.59,2011-11-08 13:52:00,79
14088.0,United Kingdom,13,50491.80999999997,2011-11-29 16:16:00,379
17094.0,United Kingdom,1,301.99999999999994,2011-01-21 13:09:00,14
14692.0,United Kingdom,4,591.55,2011-07-25 15:08:00,53
12970.0,United Kingdom,4,452.23999999999995,2011-12-02 14:30:00,116
16085.0,United Kingdom,5,981.5099999999998,2011-11-16 13:24:00,123
14068.0,United Kingdom,1,265.85,2011-01-23 16:02:00,22
13068.0,United Kingdom,2,344.0,2011-11-29 15:00:00,1
15497.0,United Kingdom,2,1262.2000000000003,2011-11-22 11:51:00,13
12559.0,Germany,2,561.71,2011-02-02 09:49:00,21
18161.0,United Kingdom,5,1618.69,2011-11-24 16:40:00,49
13396.0,United Kingdom,2,1360.9899999999998,2011-11-10 16:59:00,42
12935.0,United Kingdom,7,2160.7,2011-12-07 17:25:00,80
16730.0,United Kingdom,3,743.1100000000001,2011-10-18 14:11:00,75
14541.0,United Kingdom,8,1461.6499999999999,2011-10-12 10:08:00,71
15052.0,United Kingdom,1,215.78,2011-01-24 15:52:00,27
13615.0,United Kingdom,1,417.69,2011-01-25 08:21:00,23
13158.0,United Kingdom,4,1201.0600000000004,2011-09-06 11:58:00,59
15218.0,United Kingdom,11,5756.890000000001,2011-11-29 11:48:00,77
15110.0,United Kingdom,4,996.1,2011-11-16 11:16:00,17
16757.0,United Kingdom,1,106.83000000000001,2011-01-25 11:59:00,7
13815.0,Germany,4,4027.360000000002,2011-11-17 14:19:00,132
18008.0,United Kingdom,9,2116.19,2011-09-30 15:17:00,24
14534.0,United Kingdom,18,4447.049999999998,2011-12-07 12:19:00,331
12744.0,Singapore,7,21279.29,2011-10-19 11:18:00,178
12854.0,United Kingdom,3,1324.5000000000007,2011-09-22 12:15:00,95
14341.0,United Kingdom,8,2182.2799999999993,2011-10-25 15:48:00,109
17515.0,United Kingdom,4,639.0199999999999,2011-11-08 14:04:00,49
12609.0,Germany,3,1126.8500000000001,2011-09-22 16:34:00,57
13049.0,United Kingdom,2,656.6800000000001,2011-10-06 15:31:00,14
14548.0,United Kingdom,2,652.8,2011-07-12 12:19:00,2
16043.0,United Kingdom,4,773.9900000000002,2011-11-02 12:50:00,30
14049.0,United Kingdom,4,5681.7199999999975,2011-11-23 12:20:00,348
13837.0,United Kingdom,2,271.24,2011-05-12 12:10:00,17
17118.0,United Kingdom,1,157.01999999999998,2011-01-26 12:19:00,10
14233.0,United Kingdom,4,1462.72,2011-10-21 15:54:00,30
17027.0,United Kingdom,6,890.29,2011-09-22 12:24:00,110
12591.0,Italy,1,452.84999999999997,2011-01-26 14:35:00,26
16124.0,United Kingdom,1,249.00000000000003,2011-01-26 14:45:00,11
16409.0,United Kingdom,5,2028.8800000000006,2011-11-03 16:45:00,145
16918.0,United Kingdom,6,1068.82,2011-10-21 12:50:00,97
16496.0,United Kingdom,3,1599.5200000000007,2011-12-01 10:31:00,92
17311.0,United Kingdom,2,1384.85,2011-09-22 14:11:00,55
15910.0,United Kingdom,8,1232.1800000000003,2011-12-09 10:51:00,215
14970.0,United Kingdom,4,1592.06,2011-10-02 13:44:00,24
12468.0,Germany,2,729.5400000000001,2011-06-05 11:36:00,36
16767.0,United Kingdom,11,5580.6,2011-11-09 09:42:00,148
14239.0,United Kingdom,11,2380.8500000000013,2011-10-27 14:40:00,83
18125.0,United Kingdom,4,1142.9899999999993,2011-11-10 12:29:00,164
15864.0,United Kingdom,6,1936.3200000000002,2011-11-17 13:32:00,16
14662.0,United Kingdom,4,771.1699999999996,2011-11-11 12:13:00,143
17180.0,United Kingdom,4,796.0300000000003,2011-10-14 15:46:00,91
13330.0,United Kingdom,3,1140.93,2011-09-08 12:27:00,37
12853.0,United Kingdom,6,1957.1,2011-07-28 11:29:00,66
13538.0,United Kingdom,7,1280.85,2011-10-27 16:34:00,10
14133.0,United Kingdom,3,605.64,2011-08-02 11:34:00,25
14659.0,United Kingdom,9,2529.9300000000003,2011-12-01 12:17:00,147
13141.0,United Kingdom,5,2388.7500000000005,2011-09-16 09:54:00,113
15365.0,United Kingdom,7,2314.3199999999997,2011-11-14 08:29:00,65
13707.0,United Kingdom,2,806.4100000000004,2011-03-17 18:03:00,48
14805.0,United Kingdom,4,554.6500000000001,2011-11-24 16:20:00,30
16897.0,United Kingdom,2,289.7799999999999,2011-02-13 15:02:00,37
15579.0,United Kingdom,2,348.60000000000014,2011-10-02 12:45:00,45
13161.0,United Kingdom,1,112.75,2011-01-30 14:03:00,8
17431.0,United Kingdom,1,403.30000000000007,2011-01-30 14:36:00,41
14502.0,United Kingdom,11,2470.670000000001,2011-11-20 11:50:00,368
17239.0,United Kingdom,1,382.50000000000006,2011-01-31 09:41:00,15
14426.0,United Kingdom,10,4481.670000000002,2011-11-16 12:25:00,183
17314.0,United Kingdom,8,2527.92,2011-11-15 09:41:00,120
16403.0,United Kingdom,1,177.5,2011-01-31 13:39:00,10
17619.0,United Kingdom,1,218.52,2011-01-31 14:18:00,71
14006.0,United Kingdom,3,962.1899999999998,2011-08-16 09:39:00,22
13600.0,United Kingdom,1,219.51999999999995,2011-01-31 15:27:00,19
13881.0,United Kingdom,20,17159.519999999997,2011-12-06 12:50:00,72
14850.0,United Kingdom,1,325.74999999999994,2011-02-01 11:21:00,21
13939.0,United Kingdom,3,568.5500000000001,2011-11-16 13:33:00,43
16745.0,United Kingdom,17,7194.300000000005,2011-09-14 11:58:00,148
13802.0,United Kingdom,3,4599.420000000001,2011-07-24 10:54:00,55
16515.0,United Kingdom,5,1627.1299999999999,2011-10-18 13:10:00,89
12775.0,Netherlands,5,1386.0400000000002,2011-11-22 16:33:00,47
14549.0,United Kingdom,1,289.24,2011-02-01 13:47:00,56
16110.0,United Kingdom,3,1337.4800000000005,2011-10-25 14:35:00,283
14665.0,United Kingdom,5,1835.6999999999998,2011-10-10 09:14:00,63
14457.0,United Kingdom,1,113.64,2011-02-02 09:39:00,4
15589.0,United Kingdom,3,478.53000000000003,2011-03-29 09:54:00,28
17560.0,United Kingdom,5,854.9500000000002,2011-09-06 09:18:00,22
15226.0,United Kingdom,1,154.41,2011-02-02 11:41:00,8
13728.0,United Kingdom,6,1016.1399999999998,2011-11-03 10:49:00,38
16378.0,United Kingdom,3,362.95,2011-04-06 15:07:00,22
13894.0,United Kingdom,3,564.62,2011-11-16 09:44:00,25
14188.0,United Kingdom,6,2054.3599999999997,2011-11-09 12:45:00,34
15421.0,United Kingdom,4,950.36,2011-10-12 09:20:00,40
12414.0,Austria,3,562.41,2011-05-06 14:51:00,16
14798.0,United Kingdom,3,173.74,2011-10-18 10:58:00,11
12990.0,United Kingdom,3,409.5,2011-11-08 13:01:00,8
17337.0,United Kingdom,4,2027.8700000000028,2011-07-11 14:55:00,421
17362.0,United Kingdom,2,312.23,2011-04-14 14:43:00,30
12502.0,Spain,5,3723.87,2011-09-05 11:52:00,102
14044.0,United Kingdom,4,652.8199999999995,2011-11-13 12:05:00,165
17672.0,United Kingdom,2,3178.170000000001,2011-10-20 14:18:00,105
12464.0,Belgium,8,1212.05,2011-11-29 13:33:00,6
13581.0,United Kingdom,1,118.0,2011-02-03 14:41:00,10
14540.0,United Kingdom,3,996.2599999999998,2011-11-30 10:15:00,64
13539.0,United Kingdom,3,631.34,2011-09-15 10:18:00,35
17334.0,United Kingdom,2,307.02,2011-02-10 14:59:00,11
13871.0,United Kingdom,13,6403.2500000000055,2011-11-17 10:49:00,155
12754.0,Japan,3,3010.74,2011-04-18 09:00:00,49
17929.0,United Kingdom,4,843.0,2011-11-28 16:01:00,4
14778.0,United Kingdom,2,730.8600000000001,2011-08-04 15:23:00,34
17517.0,United Kingdom,1,153.94,2011-02-04 11:48:00,11
17226.0,United Kingdom,1,393.48999999999995,2011-02-04 11:52:00,21
13137.0,United Kingdom,8,3650.410000000003,2011-11-29 12:09:00,345
12842.0,United Kingdom,2,1118.9899999999998,2011-09-30 15:33:00,34
13911.0,United Kingdom,9,2580.909999999999,2011-10-13 15:43:00,120
14194.0,United Kingdom,21,11349.520000000011,2011-12-05 10:38:00,269
14438.0,United Kingdom,1,131.9,2011-02-06 14:56:00,9
15781.0,United Kingdom,3,345.46000000000004,2011-11-14 14:57:00,20
14410.0,United Kingdom,9,1105.0699999999997,2011-09-08 15:08:00,153
13809.0,Cyprus,1,155.05,2011-02-07 13:15:00,11
17859.0,United Kingdom,1,148.21,2011-02-08 10:32:00,23
12576.0,Poland,5,1315.83,2011-11-04 10:11:00,72
12599.0,France,7,1032.5800000000002,2011-11-10 13:34:00,32
14562.0,United Kingdom,18,5074.770000000003,2011-12-06 11:05:00,187
16951.0,United Kingdom,3,1277.7500000000007,2011-07-28 12:05:00,73
16998.0,United Kingdom,4,295.0,2011-07-13 09:44:00,1
13133.0,United Kingdom,2,109.79999999999998,2011-03-11 10:31:00,7
17881.0,United Kingdom,1,133.35000000000002,2011-02-08 17:16:00,8
15970.0,United Kingdom,1,314.1,2011-02-09 12:08:00,11
13590.0,United Kingdom,6,1981.9199999999992,2011-11-28 12:54:00,70
12462.0,Spain,2,1189.5900000000001,2011-11-21 09:11:00,51
17843.0,United Kingdom,1,205.48000000000002,2011-02-09 15:33:00,36
17940.0,United Kingdom,10,4106.4400000000005,2011-10-21 13:27:00,6
17686.0,United Kingdom,7,5739.460000000006,2011-12-02 15:39:00,205
14465.0,United Kingdom,3,1058.6200000000008,2011-04-07 12:38:00,107
16425.0,United Kingdom,1,302.7,2011-02-10 14:30:00,21
16842.0,United Kingdom,3,1264.1899999999998,2011-08-31 10:42:00,45
15796.0,United Kingdom,8,2711.5600000000004,2011-12-08 19:55:00,70
14555.0,United Kingdom,2,324.14000000000004,2011-10-13 16:24:00,18
17705.0,United Kingdom,9,1823.5199999999995,2011-12-06 13:45:00,63
17512.0,United Kingdom,10,2924.9900000000007,2011-11-11 12:11:00,61
15406.0,United Kingdom,2,510.7099999999999,2011-11-08 13:22:00,51
17282.0,United Kingdom,3,1703.4100000000005,2011-08-01 14:29:00,79
13171.0,United Kingdom,3,468.4100000000001,2011-11-18 10:27:00,37
17667.0,United Kingdom,5,2055.51,2011-10-04 14:32:00,85
12507.0,Spain,3,1304.81,2011-07-28 17:09:00,19
14631.0,United Kingdom,3,1006.98,2011-10-20 11:17:00,38
13475.0,United Kingdom,4,1431.7800000000004,2011-06-01 13:52:00,64
14644.0,United Kingdom,2,830.7599999999999,2011-10-03 08:30:00,26
17571.0,United Kingdom,4,1498.5100000000004,2011-10-20 15:57:00,247
16979.0,United Kingdom,6,1851.9999999999995,2011-12-06 12:21:00,64
15122.0,United Kingdom,3,1633.7799999999995,2011-08-17 16:48:00,65
13893.0,United Kingdom,1,821.0999999999999,2011-02-15 11:30:00,21
14035.0,United Kingdom,5,1428.02,2011-11-11 10:03:00,41
13623.0,United Kingdom,5,747.78,2011-11-09 12:00:00,75
14346.0,United Kingdom,2,1021.5800000000002,2011-08-11 09:47:00,55
14935.0,Channel Islands,1,1784.71,2011-02-15 14:44:00,10
16073.0,United Kingdom,1,122.39999999999999,2011-02-15 15:41:00,1
14477.0,United Kingdom,4,1309.6,2011-11-20 11:11:00,7
14760.0,United Kingdom,1,89.2,2011-02-15 16:27:00,5
15810.0,United Kingdom,4,1391.98,2011-09-22 09:38:00,66
16509.0,United Kingdom,1,363.7,2011-02-16 09:25:00,13
14609.0,United Kingdom,4,601.5600000000001,2011-09-28 12:54:00,2
13414.0,United Kingdom,3,1390.5,2011-07-29 11:45:00,23
12823.0,United Kingdom,5,1759.5,2011-09-26 07:35:00,1
12372.0,Denmark,3,1298.0400000000004,2011-09-29 12:12:00,34
16148.0,United Kingdom,1,76.32000000000001,2011-02-16 14:01:00,1
17422.0,United Kingdom,6,1979.3699999999994,2011-11-23 13:27:00,93
18257.0,United Kingdom,8,2337.629999999999,2011-10-31 14:48:00,97
12362.0,Belgium,10,5226.2300000000005,2011-12-06 15:40:00,201
13018.0,United Kingdom,28,7277.699999999998,2011-11-23 13:28:00,313
15382.0,United Kingdom,6,5955.710000000001,2011-11-25 10:58:00,193
12654.0,Germany,5,601.98,2011-11-29 10:10:00,31
13085.0,United Kingdom,2,416.08000000000004,2011-07-05 12:11:00,17
15785.0,United Kingdom,5,2328.9700000000003,2011-11-07 11:33:00,58
18138.0,United Kingdom,1,152.65,2011-02-17 14:51:00,8
14379.0,United Kingdom,2,348.1,2011-10-26 16:43:00,39
14211.0,United Kingdom,9,2241.1,2011-10-17 13:23:00,87
13425.0,United Kingdom,3,1624.2099999999994,2011-08-23 17:13:00,66
13904.0,United Kingdom,2,332.64000000000004,2011-11-02 13:41:00,24
13799.0,United Kingdom,2,688.8600000000002,2011-08-15 12:07:00,32
13951.0,United Kingdom,3,674.4499999999998,2011-06-16 16:43:00,38
16765.0,United Kingdom,1,34.0,2011-02-18 15:41:00,1
12891.0,United Kingdom,3,331.0,2011-06-07 12:31:00,2
13301.0,United Kingdom,4,618.0899999999999,2011-08-28 11:25:00,75
14803.0,United Kingdom,3,845.5500000000002,2011-06-30 13:58:00,35
12988.0,United Kingdom,1,535.32,2011-02-20 14:31:00,75
18094.0,United Kingdom,7,3017.2999999999997,2011-09-19 09:28:00,39
15129.0,United Kingdom,11,3447.4000000000005,2011-10-20 14:40:00,54
18155.0,United Kingdom,3,371.62000000000006,2011-09-25 13:32:00,19
13477.0,United Kingdom,6,1454.58,2011-11-02 12:04:00,57
15065.0,United Kingdom,4,3158.1300000000006,2011-11-02 09:45:00,148
16980.0,United Kingdom,2,1078.9600000000005,2011-03-29 16:36:00,71
15146.0,United Kingdom,2,1327.1600000000005,2011-06-28 12:09:00,90
13410.0,United Kingdom,5,1003.06,2011-11-15 15:33:00,15
16014.0,United Kingdom,3,662.3799999999997,2011-11-02 12:04:00,123
14520.0,United Kingdom,2,270.6,2011-12-08 09:46:00,3
18087.0,United Kingdom,2,4055.7199999999993,2011-09-02 15:12:00,2
17994.0,United Kingdom,4,678.49,2011-08-10 11:41:00,63
15722.0,United Kingdom,5,2222.56,2011-11-04 11:43:00,45
16349.0,United Kingdom,1,53.5,2011-02-22 12:40:00,9
16913.0,United Kingdom,1,113.44,2011-02-22 12:56:00,8
14895.0,United Kingdom,20,11138.71,2011-12-02 09:23:00,273
15303.0,United Kingdom,1,574.0199999999999,2011-02-22 13:59:00,31
12845.0,United Kingdom,4,354.09000000000003,2011-03-17 13:34:00,26
18188.0,United Kingdom,3,2001.04,2011-11-24 16:46:00,63
16573.0,United Kingdom,2,663.61,2011-09-16 09:13:00,40
13421.0,United Kingdom,2,1851.08,2011-10-30 14:21:00,88
18196.0,United Kingdom,2,689.1300000000003,2011-09-05 16:22:00,131
13285.0,United Kingdom,4,2709.12,2011-11-16 13:19:00,157
13184.0,United Kingdom,10,1701.2900000000009,2011-11-25 12:02:00,138
18151.0,United Kingdom,2,653.3500000000001,2011-07-28 11:35:00,38
13804.0,United Kingdom,7,2635.7899999999995,2011-11-09 12:32:00,124
17499.0,United Kingdom,1,622.8800000000001,2011-02-23 09:14:00,40
14276.0,United Kingdom,3,1119.7399999999998,2011-09-02 09:45:00,52
13453.0,United Kingdom,2,356.97999999999996,2011-06-27 09:34:00,16
18172.0,United Kingdom,20,7561.6799999999985,2011-11-25 11:12:00,100
17711.0,United Kingdom,2,385.1,2011-11-29 11:40:00,22
14289.0,United Kingdom,6,911.2599999999998,2011-12-01 11:44:00,33
16208.0,United Kingdom,2,664.26,2011-10-26 11:36:00,61
13149.0,United Kingdom,4,1676.0599999999995,2011-11-25 13:09:00,76
16692.0,United Kingdom,2,1276.0,2011-03-28 14:46:00,2
17171.0,United Kingdom,1,224.90999999999997,2011-02-23 16:37:00,16
18231.0,United Kingdom,5,2083.2700000000013,2011-05-31 14:18:00,106
14004.0,United Kingdom,7,4582.639999999999,2011-10-27 14:40:00,102
14513.0,United Kingdom,3,455.59000000000003,2011-08-31 11:25:00,11
17830.0,United Kingdom,3,398.7,2011-12-08 12:28:00,18
12565.0,Saudi Arabia,1,145.92000000000002,2011-02-24 10:34:00,9
14231.0,United Kingdom,3,925.7099999999998,2011-06-09 11:05:00,47
13118.0,United Kingdom,5,1197.8100000000004,2011-11-20 12:46:00,68
17117.0,United Kingdom,1,116.19999999999999,2011-02-24 13:54:00,9
18056.0,United Kingdom,1,363.64999999999986,2011-02-24 14:27:00,19
15543.0,United Kingdom,1,127.86000000000001,2011-02-24 15:26:00,26
13751.0,United Kingdom,1,296.25,2011-02-24 15:56:00,9
15847.0,United Kingdom,2,389.27,2011-11-01 14:41:00,22
13851.0,United Kingdom,3,2651.46,2011-09-05 12:36:00,77
12633.0,Germany,4,2163.979999999999,2011-10-12 11:40:00,73
15712.0,United Kingdom,5,1072.3600000000001,2011-11-30 14:09:00,41
13362.0,United Kingdom,4,3090.7399999999993,2011-11-30 14:41:00,128
16841.0,United Kingdom,6,1869.8200000000002,2011-11-03 11:51:00,101
13973.0,United Kingdom,1,264.70000000000005,2011-02-25 15:21:00,11
15990.0,United Kingdom,2,792.1100000000001,2011-10-26 15:58:00,52
13261.0,United Kingdom,2,944.1,2011-03-16 12:22:00,8
16598.0,United Kingdom,1,145.05,2011-02-27 11:42:00,10
15951.0,United Kingdom,2,708.2199999999998,2011-12-01 08:34:00,36
13971.0,United Kingdom,8,2758.2599999999998,2011-11-21 12:06:00,118
17516.0,United Kingdom,5,768.0800000000003,2011-11-24 16:51:00,113
13630.0,United Kingdom,7,2031.7800000000004,2011-12-04 15:16:00,51
14745.0,United Kingdom,5,1220.2600000000002,2011-08-19 10:05:00,46
16992.0,United Kingdom,5,1614.31,2011-11-29 11:50:00,84
12598.0,France,8,3023.0799999999995,2011-11-30 12:18:00,84
13675.0,United Kingdom,2,486.82,2011-07-11 12:57:00,25
14227.0,United Kingdom,10,3350.96,2011-11-13 15:48:00,117
16667.0,United Kingdom,2,570.1299999999999,2011-10-02 15:26:00,52
13509.0,United Kingdom,7,979.7200000000001,2011-12-01 10:10:00,27
16187.0,United Kingdom,15,6911.439999999998,2011-11-08 09:50:00,160
12509.0,France,1,176.5,2011-02-28 14:45:00,7
15656.0,United Kingdom,4,748.5,2011-10-25 14:56:00,46
17165.0,United Kingdom,1,158.68,2011-02-28 16:39:00,10
17462.0,United Kingdom,2,675.69,2011-10-10 13:56:00,25
14740.0,United Kingdom,3,1448.2099999999994,2011-05-26 18:17:00,85
12428.0,Finland,9,7956.460000000003,2011-11-14 08:22:00,258
16915.0,United Kingdom,6,621.68,2011-11-30 16:39:00,46
15676.0,United Kingdom,3,3435.7599999999993,2011-11-21 12:40:00,191
15709.0,United Kingdom,1,133.25,2011-03-01 10:38:00,6
15241.0,United Kingdom,8,1756.4400000000005,2011-10-04 09:05:00,82
12679.0,France,4,1113.0200000000002,2011-10-12 12:30:00,43
16212.0,United Kingdom,2,690.3399999999999,2011-11-20 13:00:00,40
14656.0,United Kingdom,2,291.0499999999999,2011-06-23 13:51:00,73
13884.0,United Kingdom,5,787.5999999999999,2011-12-02 16:30:00,45
14676.0,United Kingdom,6,2548.2400000000002,2011-11-08 13:29:00,29
15733.0,United Kingdom,1,162.3,2011-03-02 09:05:00,10
12834.0,United Kingdom,1,312.38000000000005,2011-03-02 09:49:00,18
13722.0,United Kingdom,3,2375.4100000000003,2011-07-31 12:44:00,75
14934.0,Channel Islands,2,1890.9400000000003,2011-09-19 10:10:00,68
16128.0,United Kingdom,5,1880.2200000000007,2011-11-22 11:14:00,76
17770.0,United Kingdom,5,1143.2699999999998,2011-05-25 12:34:00,33
15031.0,United Kingdom,4,668.1399999999999,2011-12-05 14:19:00,74
17426.0,United Kingdom,6,5037.259999999998,2011-12-01 18:07:00,179
16957.0,United Kingdom,2,416.64,2011-04-14 13:56:00,15
16571.0,United Kingdom,3,1421.6899999999998,2011-11-13 11:46:00,73
14483.0,United Kingdom,1,137.1,2011-03-03 10:26:00,9
15087.0,United Kingdom,1,306.94,2011-03-03 10:34:00,15
16709.0,United Kingdom,5,3029.870000000001,2011-09-16 10:56:00,64
15053.0,United Kingdom,3,697.7899999999998,2011-12-05 12:08:00,49
18218.0,United Kingdom,2,662.08,2011-05-12 12:53:00,17
17789.0,United Kingdom,1,225.90000000000003,2011-03-03 13:14:00,14
17416.0,United Kingdom,7,6893.420000000004,2011-11-10 12:47:00,186
17652.0,United Kingdom,12,4867.719999999999,2011-11-14 12:55:00,118
17700.0,United Kingdom,4,2534.64,2011-11-23 11:51:00,116
15393.0,United Kingdom,2,231.86,2011-11-23 16:48:00,10
13014.0,United Kingdom,10,3466.2799999999997,2011-11-29 12:27:00,67
17508.0,Greece,1,387.3099999999999,2011-03-04 08:10:00,22
15220.0,United Kingdom,6,1778.9599999999998,2011-10-19 12:39:00,110
14570.0,United Kingdom,2,218.05999999999992,2011-03-04 10:58:00,29
13557.0,United Kingdom,2,584.0600000000001,2011-11-11 15:24:00,31
16449.0,United Kingdom,2,707.69,2011-05-26 10:25:00,40
17325.0,United Kingdom,1,96.8,2011-03-04 13:09:00,6
14995.0,United Kingdom,2,233.23000000000002,2011-11-01 11:39:00,53
15681.0,United Kingdom,5,1426.1599999999999,2011-11-14 16:30:00,32
15675.0,United Kingdom,3,323.69,2011-09-19 13:48:00,20
17535.0,United Kingdom,1,164.4,2011-03-04 15:20:00,13
14504.0,United Kingdom,4,673.2599999999998,2011-10-23 16:00:00,85
17107.0,United Kingdom,6,10815.43,2011-11-06 14:14:00,269
15554.0,United Kingdom,1,217.2,2011-03-07 09:00:00,14
14915.0,United Kingdom,2,307.47999999999996,2011-09-09 13:34:00,12
16136.0,United Kingdom,3,709.3800000000001,2011-10-11 09:10:00,35
18280.0,United Kingdom,1,180.60000000000002,2011-03-07 09:52:00,10
13344.0,United Kingdom,3,2543.7200000000007,2011-10-03 09:45:00,115
16621.0,United Kingdom,4,813.4800000000001,2011-10-19 11:38:00,22
16225.0,United Kingdom,5,1096.32,2011-10-26 08:30:00,109
14012.0,United Kingdom,1,328.79999999999995,2011-03-07 12:26:00,11
15026.0,United Kingdom,3,468.99999999999994,2011-09-20 13:52:00,57
16517.0,United Kingdom,1,162.7,2011-03-07 13:50:00,17
17092.0,United Kingdom,4,1777.7800000000002,2011-10-20 19:51:00,99
15869.0,United Kingdom,2,149.64000000000001,2011-03-07 17:23:00,13
17817.0,United Kingdom,3,387.68000000000006,2011-12-05 14:39:00,32
15234.0,United Kingdom,1,197.0,2011-03-08 08:53:00,14
15806.0,United Kingdom,3,784.58,2011-10-24 14:35:00,24
14586.0,United Kingdom,1,237.35999999999999,2011-03-08 10:04:00,19
14730.0,United Kingdom,8,2005.0600000000013,2011-12-08 14:39:00,317
12623.0,Germany,1,305.1,2011-03-08 13:50:00,18
14367.0,United Kingdom,16,9261.520000000008,2011-12-01 13:19:00,270
13373.0,United Kingdom,3,3312.25,2011-10-10 10:51:00,135
16712.0,United Kingdom,11,3645.4300000000003,2011-11-30 13:48:00,259
16426.0,United Kingdom,10,1908.2499999999993,2011-12-07 14:01:00,211
16495.0,United Kingdom,3,684.4099999999999,2011-12-06 13:20:00,78
14336.0,United Kingdom,4,1614.91,2011-11-23 11:40:00,77
17049.0,United Kingdom,9,5659.980000000003,2011-12-07 10:48:00,201
15206.0,United Kingdom,4,420.29999999999995,2011-11-29 13:41:00,3
14112.0,United Kingdom,7,2915.1499999999987,2011-11-17 12:30:00,117
17864.0,United Kingdom,3,597.5000000000003,2011-11-27 11:15:00,70
14936.0,Channel Islands,8,8137.020000000006,2011-11-06 10:30:00,210
17138.0,United Kingdom,1,380.50000000000006,2011-03-09 11:54:00,24
16572.0,United Kingdom,3,1009.5999999999998,2011-08-04 16:34:00,40
14297.0,United Kingdom,4,1305.33,2011-11-22 09:06:00,48
13899.0,United Kingdom,2,388.52,2011-11-23 13:40:00,19
16471.0,United Kingdom,1,223.94999999999996,2011-03-10 09:41:00,13
18183.0,United Kingdom,2,632.07,2011-04-26 15:26:00,36
14603.0,United Kingdom,1,660.0,2011-03-10 10:27:00,2
14854.0,United Kingdom,7,2759.8300000000004,2011-09-22 17:00:00,110
15308.0,United Kingdom,1,310.47,2011-03-10 13:08:00,19
14727.0,United Kingdom,1,268.58,2011-03-10 14:45:00,10
16778.0,United Kingdom,2,245.94,2011-09-26 13:48:00,16
16808.0,United Kingdom,2,288.41999999999996,2011-09-01 19:34:00,21
12520.0,Germany,5,2634.2599999999998,2011-09-21 15:23:00,121
18149.0,United Kingdom,3,612.0799999999999,2011-10-20 12:04:00,11
13654.0,United Kingdom,6,2707.330000000001,2011-10-27 16:24:00,157
16652.0,United Kingdom,7,6773.969999999999,2011-10-12 09:38:00,74
17164.0,United Kingdom,7,2467.3500000000004,2011-11-07 09:14:00,92
14352.0,United Kingdom,4,1078.96,2011-07-05 15:41:00,44
17351.0,United Kingdom,3,587.1500000000001,2011-11-03 18:45:00,22
16768.0,United Kingdom,3,478.09000000000003,2011-10-23 10:38:00,47
16693.0,United Kingdom,2,482.00999999999993,2011-10-02 11:10:00,58
13956.0,United Kingdom,5,1026.42,2011-12-04 13:20:00,123
13708.0,United Kingdom,1,296.8799999999999,2011-03-13 13:46:00,49
16871.0,United Kingdom,6,2812.34,2011-11-17 19:27:00,131
15493.0,United Kingdom,5,2001.8000000000013,2011-11-07 12:04:00,177
15388.0,Canada,1,140.54000000000002,2011-03-14 13:53:00,10
16804.0,United Kingdom,3,536.99,2011-11-16 16:43:00,59
14193.0,United Kingdom,2,853.3900000000001,2011-10-03 09:34:00,35
15181.0,United Kingdom,3,689.4799999999999,2011-10-04 13:58:00,11
13716.0,United Kingdom,1,138.27999999999997,2011-03-15 13:49:00,21
15150.0,United Kingdom,10,5314.469999999996,2011-11-22 12:52:00,282
16297.0,United Kingdom,1,301.9,2011-03-16 08:29:00,20
16152.0,United Kingdom,1,1829.0399999999997,2011-03-16 09:47:00,29
14636.0,United Kingdom,2,609.8499999999999,2011-11-03 16:12:00,27
16040.0,United Kingdom,3,1313.5499999999997,2011-10-05 13:47:00,57
15793.0,United Kingdom,3,965.6100000000001,2011-11-25 09:31:00,6
13358.0,United Kingdom,1,439.0299999999999,2011-03-16 11:52:00,29
16383.0,United Kingdom,2,668.3599999999997,2011-09-26 12:45:00,80
12597.0,Spain,4,3811.2200000000003,2011-11-20 13:33:00,184
15030.0,United Kingdom,2,518.2800000000001,2011-09-29 10:50:00,7
12435.0,Denmark,2,7829.8899999999985,2011-09-21 09:06:00,31
12955.0,United Kingdom,11,4757.16,2011-12-08 16:29:00,81
13946.0,United Kingdom,3,561.5699999999999,2011-09-21 13:33:00,11
13185.0,United Kingdom,1,71.4,2011-03-17 11:56:00,1
14840.0,United Kingdom,1,62.85,2011-03-17 12:00:00,4
13216.0,United Kingdom,1,333.74,2011-03-17 12:18:00,5
13650.0,United Kingdom,6,1836.3399999999997,2011-11-23 12:22:00,79
13268.0,United Kingdom,11,3214.689999999999,2011-11-22 11:51:00,257
15433.0,United Kingdom,2,533.2999999999998,2011-05-10 10:45:00,40
12937.0,United Kingdom,4,1504.2699999999995,2011-11-24 15:05:00,81
16216.0,United Kingdom,1,914.9300000000001,2011-03-17 15:34:00,37
12514.0,Italy,1,1017.6799999999998,2011-03-17 16:38:00,51
18210.0,United Kingdom,6,2621.380000000001,2011-12-08 11:02:00,109
14422.0,United Kingdom,6,4263.640000000002,2011-12-09 11:26:00,189
15861.0,United Kingdom,8,3165.3600000000006,2011-11-27 15:59:00,339
16672.0,United Kingdom,20,8134.9400000000005,2011-12-07 16:29:00,22
16511.0,United Kingdom,3,950.2600000000002,2011-11-18 10:41:00,135
16256.0,United Kingdom,1,752.4300000000001,2011-03-18 12:18:00,13
13591.0,United Kingdom,3,1117.13,2011-10-06 12:26:00,56
14066.0,United Kingdom,1,152.55,2011-03-18 12:21:00,7
18270.0,United Kingdom,2,283.15000000000003,2011-11-01 13:57:00,11
17060.0,United Kingdom,1,234.24,2011-03-18 13:27:00,5
12878.0,United Kingdom,2,854.9899999999998,2011-04-17 13:07:00,38
14155.0,United Kingdom,1,118.75,2011-03-18 14:13:00,6
14633.0,United Kingdom,1,344.9,2011-03-18 17:07:00,20
15703.0,United Kingdom,1,211.5,2011-03-20 10:51:00,5
17795.0,United Kingdom,2,350.38999999999993,2011-06-13 12:36:00,43
16728.0,United Kingdom,4,1054.6699999999996,2011-10-24 14:36:00,218
16096.0,United Kingdom,1,320.62,2011-03-20 13:38:00,12
13592.0,United Kingdom,4,247.95999999999998,2011-11-04 09:49:00,15
15140.0,United Kingdom,7,2354.25,2011-10-18 14:07:00,74
12843.0,United Kingdom,8,1702.2600000000002,2011-10-05 12:09:00,69
15408.0,United Kingdom,1,267.18000000000006,2011-03-20 15:02:00,34
14223.0,United Kingdom,3,991.13,2011-09-08 13:38:00,50
13934.0,United Kingdom,1,922.1,2011-03-21 08:39:00,31
15669.0,United Kingdom,4,684.34,2011-10-30 16:03:00,31
16384.0,United Kingdom,2,584.4999999999999,2011-09-11 11:19:00,33
18224.0,United Kingdom,1,158.95,2011-03-21 10:30:00,10
17678.0,United Kingdom,1,298.11,2011-03-21 11:52:00,16
17152.0,United Kingdom,3,1689.5,2011-05-29 12:19:00,9
14632.0,United Kingdom,1,114.55999999999999,2011-03-22 08:49:00,8
13900.0,United Kingdom,3,740.9499999999996,2011-06-09 19:26:00,42
16135.0,United Kingdom,1,517.55,2011-03-22 12:30:00,21
12831.0,United Kingdom,1,215.04999999999998,2011-03-22 13:02:00,9
15437.0,United Kingdom,1,200.15999999999997,2011-03-22 13:11:00,44
14711.0,United Kingdom,11,2868.7999999999984,2011-11-29 14:58:00,221
16374.0,United Kingdom,2,473.0299999999999,2011-10-04 15:21:00,101
16809.0,United Kingdom,5,914.69,2011-11-16 15:45:00,79
12613.0,Germany,5,3344.379999999999,2011-10-13 14:59:00,124
17733.0,United Kingdom,2,692.19,2011-11-01 08:16:00,33
14870.0,United Kingdom,1,327.25,2011-03-23 10:51:00,13
12604.0,France,2,254.17999999999992,2011-09-21 14:08:00,15
12818.0,Austria,1,1542.0800000000002,2011-03-23 12:06:00,14
18191.0,United Kingdom,1,207.79999999999998,2011-03-23 12:08:00,7
14461.0,United Kingdom,3,2103.0599999999995,2011-07-14 17:11:00,173
13132.0,United Kingdom,1,77.3,2011-03-23 12:44:00,3
16859.0,United Kingdom,2,747.8100000000003,2011-07-18 12:19:00,50
17411.0,United Kingdom,3,778.94,2011-11-27 14:25:00,39
17486.0,United Kingdom,1,396.87000000000006,2011-03-23 14:00:00,24
16308.0,United Kingdom,4,2560.0,2011-11-02 11:24:00,1
12564.0,France,1,456.9,2011-03-23 14:55:00,21
17966.0,United Kingdom,5,1098.43,2011-11-02 10:26:00,53
17644.0,United Kingdom,11,2895.64,2011-12-08 13:43:00,102
13341.0,United Kingdom,1,775.85,2011-03-24 09:50:00,42
13512.0,United Kingdom,1,251.20999999999998,2011-03-24 10:03:00,15
16620.0,United Kingdom,2,178.96,2011-12-06 12:19:00,9
14267.0,United Kingdom,3,1516.2399999999996,2011-06-30 10:09:00,25
16063.0,United Kingdom,1,335.32000000000005,2011-03-24 14:56:00,23
14348.0,United Kingdom,1,409.57,2011-03-24 16:23:00,18
15815.0,United Kingdom,5,2100.6,2011-10-07 12:42:00,33
13139.0,United Kingdom,7,5064.940000000002,2011-11-23 13:54:00,132
12545.0,Spain,2,1000.3899999999998,2011-09-25 13:39:00,42
14758.0,United Kingdom,4,1484.0599999999997,2011-07-18 08:21:00,54
14536.0,United Kingdom,1,171.79999999999998,2011-03-25 12:21:00,18
17946.0,United Kingdom,2,149.58,2011-04-20 17:00:00,18
18078.0,United Kingdom,2,336.12999999999994,2011-05-06 14:32:00,27
16780.0,United Kingdom,2,425.1899999999999,2011-08-31 16:09:00,51
18273.0,United Kingdom,3,204.0,2011-12-07 13:16:00,1
15045.0,United Kingdom,2,735.66,2011-07-11 11:33:00,11
17625.0,United Kingdom,4,2047.0,2011-11-21 13:36:00,223
13357.0,United Kingdom,1,609.9499999999997,2011-03-27 13:56:00,85
14476.0,United Kingdom,1,215.7,2011-03-27 15:39:00,17
13481.0,United Kingdom,5,1804.56,2011-10-25 09:07:00,98
16245.0,United Kingdom,3,1413.6599999999999,2011-11-16 10:14:00,80
13266.0,United Kingdom,12,3834.26,2011-11-28 14:39:00,82
12669.0,France,3,2744.0300000000007,2011-07-12 09:54:00,98
12792.0,Portugal,1,400.5399999999999,2011-03-28 11:36:00,25
15083.0,United Kingdom,1,88.19999999999999,2011-03-28 12:18:00,5
18010.0,United Kingdom,1,174.79999999999998,2011-03-28 12:27:00,14
15249.0,United Kingdom,13,6688.460000000002,2011-11-08 11:45:00,211
17749.0,United Kingdom,2,674.52,2011-06-14 15:45:00,33
15068.0,United Kingdom,2,553.3599999999998,2011-10-24 14:47:00,96
13037.0,United Kingdom,3,881.07,2011-07-24 15:46:00,44
14441.0,United Kingdom,4,1712.8899999999999,2011-12-09 09:07:00,43
17931.0,United Kingdom,2,408.3599999999999,2011-07-28 18:33:00,63
13803.0,United Kingdom,1,277.07,2011-03-29 12:57:00,17
17398.0,United Kingdom,3,653.3799999999998,2011-08-17 09:48:00,30
15906.0,United Kingdom,7,1567.6900000000007,2011-11-20 12:24:00,113
12456.0,Switzerland,3,3181.0400000000004,2011-10-26 14:41:00,105
15521.0,United Kingdom,8,3000.2000000000016,2011-10-30 13:42:00,116
13720.0,United Kingdom,4,799.9,2011-08-15 12:46:00,42
15674.0,United Kingdom,5,2446.6,2011-09-27 15:17:00,88
17775.0,United Kingdom,1,56.4,2011-03-30 10:50:00,3
13988.0,United Kingdom,6,4147.960000000001,2011-11-20 10:15:00,188
13316.0,United Kingdom,4,5977.73,2011-11-02 13:40:00,66
15364.0,United Kingdom,2,913.1900000000003,2011-09-05 09:46:00,29
16092.0,United Kingdom,3,817.86,2011-08-17 10:46:00,37
17088.0,United Kingdom,4,1991.0099999999993,2011-11-11 14:23:00,96
17438.0,United Kingdom,1,388.45,2011-03-31 10:26:00,17
13060.0,United Kingdom,1,307.53000000000003,2011-03-31 11:37:00,15
14790.0,United Kingdom,4,745.0600000000001,2011-11-23 09:28:00,30
14890.0,United Kingdom,1,125.65,2011-03-31 11:57:00,7
14818.0,United Kingdom,3,657.8,2011-09-27 11:01:00,41
12909.0,United Kingdom,5,2178.6699999999996,2011-10-31 12:43:00,78
16698.0,United Kingdom,2,1998.0,2011-04-27 10:52:00,4
16681.0,United Kingdom,6,1770.3400000000006,2011-09-28 11:11:00,18
13573.0,United Kingdom,2,294.4,2011-10-20 14:33:00,24
13883.0,United Kingdom,5,2674.4799999999996,2011-11-29 10:45:00,108
13918.0,United Kingdom,2,1212.8399999999997,2011-10-21 12:25:00,30
17212.0,United Kingdom,1,226.85,2011-03-31 19:42:00,4
14886.0,United Kingdom,1,364.79999999999995,2011-04-01 08:56:00,18
13626.0,United Kingdom,1,257.22999999999996,2011-04-01 10:05:00,19
18263.0,United Kingdom,3,1213.16,2011-11-14 09:00:00,59
13841.0,United Kingdom,1,85.0,2011-04-01 12:10:00,1
12949.0,United Kingdom,8,4167.220000000002,2011-11-09 11:25:00,166
13169.0,United Kingdom,2,712.88,2011-10-07 12:11:00,11
14195.0,United Kingdom,2,1011.9999999999998,2011-05-22 10:29:00,7
13781.0,United Kingdom,1,127.84000000000002,2011-04-03 12:08:00,17
17758.0,United Kingdom,8,3456.6999999999985,2011-11-20 14:45:00,310
15223.0,United Kingdom,2,755.7499999999999,2011-04-28 11:31:00,14
13294.0,United Kingdom,2,873.7399999999996,2011-06-03 08:54:00,48
15289.0,United Kingdom,3,939.7800000000001,2011-11-10 13:49:00,43
17956.0,United Kingdom,1,12.75,2011-04-04 13:47:00,1
13015.0,United Kingdom,5,3346.2799999999997,2011-10-17 13:19:00,156
16906.0,United Kingdom,4,579.7700000000003,2011-09-19 11:49:00,74
15244.0,United Kingdom,2,631.57,2011-10-05 13:19:00,31
16696.0,United Kingdom,4,657.9000000000001,2011-07-27 14:23:00,7
13525.0,United Kingdom,2,628.78,2011-11-25 12:01:00,5
15917.0,United Kingdom,1,123.10000000000001,2011-04-06 10:40:00,12
17045.0,United Kingdom,3,339.4400000000001,2011-08-18 17:09:00,20
17140.0,United Kingdom,1,465.32,2011-04-06 13:33:00,16
14964.0,United Kingdom,1,206.20999999999995,2011-04-06 14:13:00,13
18272.0,United Kingdom,6,3078.5800000000004,2011-12-07 12:43:00,99
12580.0,Germany,1,415.70000000000005,2011-04-07 10:24:00,24
14912.0,Italy,2,867.8499999999999,2011-11-23 09:20:00,21
15530.0,United Kingdom,4,1502.3500000000001,2011-11-18 12:25:00,90
13950.0,United Kingdom,4,745.06,2011-11-28 14:44:00,33
13752.0,United Kingdom,6,1186.2800000000002,2011-08-07 14:16:00,64
13892.0,United Kingdom,4,632.97,2011-11-13 11:50:00,26
14446.0,United Kingdom,4,1039.58,2011-12-09 11:34:00,233
16261.0,United Kingdom,4,746.8299999999997,2011-11-22 17:23:00,98
17883.0,United Kingdom,4,671.7699999999998,2011-12-06 17:49:00,133
13995.0,United Kingdom,5,1393.69,2011-11-24 14:22:00,55
16325.0,United Kingdom,3,594.24,2011-10-24 08:48:00,14
16623.0,United Kingdom,1,129.45000000000002,2011-04-08 10:09:00,5
12999.0,United Kingdom,3,455.87999999999994,2011-05-27 13:24:00,25
13962.0,United Kingdom,2,169.54999999999998,2011-11-18 08:47:00,11
14264.0,United Kingdom,2,333.96999999999997,2011-07-08 10:20:00,15
13562.0,United Kingdom,3,1799.3299999999986,2011-09-19 10:51:00,50
15775.0,United Kingdom,1,104.9,2011-04-08 12:56:00,7
17054.0,United Kingdom,5,1356.3300000000004,2011-11-11 12:56:00,64
12447.0,Belgium,1,476.49,2011-04-10 13:25:00,26
13570.0,United Kingdom,1,239.48999999999995,2011-04-10 13:36:00,27
18129.0,United Kingdom,1,112.54999999999998,2011-04-10 14:16:00,13
13632.0,United Kingdom,5,2121.27,2011-11-15 10:51:00,121
15655.0,United Kingdom,1,560.6699999999998,2011-04-10 15:25:00,34
14286.0,United Kingdom,3,4628.749999999999,2011-11-16 10:34:00,220
16188.0,United Kingdom,4,981.8599999999999,2011-10-26 12:19:00,65
15214.0,United Kingdom,8,1661.44,2011-12-08 12:07:00,109
14311.0,United Kingdom,1,310.25999999999993,2011-04-11 10:14:00,20
14339.0,United Kingdom,1,309.52,2011-04-11 11:06:00,14
12982.0,United Kingdom,1,390.5399999999999,2011-04-11 11:51:00,28
12701.0,Germany,2,797.7100000000003,2011-09-21 10:47:00,50
12363.0,Unspecified,2,551.9999999999999,2011-08-22 10:18:00,23
14326.0,United Kingdom,1,183.85000000000002,2011-04-11 15:04:00,8
15935.0,United Kingdom,2,416.8600000000001,2011-04-14 13:27:00,12
13577.0,United Kingdom,4,1687.5999999999995,2011-11-14 15:19:00,61
15251.0,United Kingdom,11,10484.989999999998,2011-11-30 15:02:00,97
17160.0,United Kingdom,6,3518.0299999999993,2011-11-08 14:05:00,111
16172.0,United Kingdom,5,1140.2100000000003,2011-09-05 13:22:00,52
17972.0,United Kingdom,1,136.04,2011-04-12 12:16:00,30
16729.0,United Kingdom,21,7239.919999999989,2011-11-01 14:29:00,234
13484.0,United Kingdom,1,313.8,2011-04-12 16:30:00,8
16697.0,United Kingdom,1,112.75000000000001,2011-04-12 17:12:00,20
18236.0,United Kingdom,6,882.24,2011-11-10 08:06:00,42
15134.0,United Kingdom,8,1387.9900000000002,2011-11-25 08:55:00,44
16966.0,United Kingdom,7,2154.97,2011-12-01 13:40:00,8
14834.0,United Kingdom,6,1720.3,2011-11-22 10:30:00,43
16249.0,United Kingdom,5,1800.0700000000004,2011-10-18 10:07:00,67
14198.0,United Kingdom,4,701.4,2011-11-21 16:35:00,35
13989.0,United Kingdom,2,1266.08,2011-10-05 09:47:00,33
14206.0,United Kingdom,1,328.15999999999997,2011-04-14 16:38:00,20
14482.0,United Kingdom,6,2068.15,2011-11-21 13:14:00,110
14105.0,United Kingdom,1,1266.23,2011-04-14 17:58:00,74
12457.0,Switzerland,7,2363.2299999999996,2011-10-04 13:13:00,53
15135.0,United Kingdom,1,139.04999999999998,2011-04-14 19:16:00,9
16806.0,United Kingdom,4,801.4899999999994,2011-08-28 15:27:00,68
13120.0,United Kingdom,1,30.599999999999998,2011-04-15 10:19:00,1
13516.0,United Kingdom,3,1389.4099999999999,2011-11-18 13:15:00,43
14323.0,United Kingdom,2,605.06,2011-08-17 11:37:00,32
15027.0,United Kingdom,4,1066.1499999999996,2011-11-09 10:16:00,30
18213.0,United Kingdom,1,232.48000000000002,2011-04-17 10:21:00,15
17029.0,United Kingdom,2,716.0,2011-08-21 11:06:00,1
13220.0,United Kingdom,4,819.29,2011-09-22 13:38:00,18
16193.0,United Kingdom,1,314.44999999999993,2011-04-17 11:45:00,19
15172.0,United Kingdom,5,1624.0500000000002,2011-12-01 11:51:00,106
17582.0,United Kingdom,1,175.26999999999998,2011-04-17 13:18:00,28
13474.0,United Kingdom,1,229.59,2011-04-17 13:53:00,59
16947.0,United Kingdom,1,406.48,2011-04-18 09:38:00,21
15491.0,United Kingdom,6,3100.090000000001,2011-09-05 15:56:00,108
15265.0,United Kingdom,2,1506.1199999999997,2011-07-11 14:46:00,76
16226.0,United Kingdom,3,255.11999999999998,2011-05-20 14:41:00,6
18009.0,United Kingdom,1,257.34,2011-04-18 13:36:00,31
14623.0,United Kingdom,5,889.2500000000001,2011-11-07 13:56:00,108
15625.0,United Kingdom,4,1534.2600000000002,2011-08-28 10:21:00,44
15508.0,United Kingdom,6,1000.2700000000002,2011-06-03 15:43:00,78
16628.0,United Kingdom,5,2188.05,2011-11-10 12:45:00,79
15594.0,United Kingdom,5,1771.7799999999997,2011-11-24 08:53:00,85
13479.0,United Kingdom,2,300.94999999999993,2011-05-23 10:45:00,14
13376.0,United Kingdom,3,1019.7600000000001,2011-09-01 16:16:00,45
15717.0,United Kingdom,1,150.3,2011-04-19 13:21:00,7
13735.0,United Kingdom,4,2885.24,2011-11-15 11:14:00,158
16633.0,United Kingdom,6,2883.0999999999995,2011-11-22 13:41:00,115
13101.0,United Kingdom,1,101.19,2011-04-19 14:37:00,8
15225.0,United Kingdom,1,409.4,2011-04-19 14:51:00,23
12656.0,France,5,4051.170000000001,2011-11-22 13:42:00,89
14905.0,United Kingdom,2,616.15,2011-07-05 12:41:00,14
14148.0,United Kingdom,1,157.2,2011-04-20 12:02:00,3
14626.0,United Kingdom,4,2791.2700000000004,2011-11-16 10:37:00,108
18246.0,United Kingdom,2,596.1,2011-11-16 11:49:00,3
17115.0,United Kingdom,3,837.5000000000001,2011-12-01 14:30:00,33
17120.0,United Kingdom,1,307.46,2011-04-20 15:21:00,18
15912.0,United Kingdom,2,264.62,2011-06-14 14:29:00,19
12506.0,France,1,73.50000000000001,2011-04-21 08:54:00,23
12670.0,France,5,2996.05,2011-11-29 15:23:00,58
13389.0,United Kingdom,3,797.9600000000002,2011-11-28 14:01:00,50
12354.0,Spain,1,1079.3999999999999,2011-04-21 13:11:00,58
17631.0,United Kingdom,3,528.3299999999999,2011-12-08 09:47:00,39
17061.0,United Kingdom,11,5232.23,2011-09-27 11:24:00,57
17630.0,United Kingdom,2,503.59999999999997,2011-06-23 11:58:00,24
13223.0,United Kingdom,2,163.20000000000002,2011-05-23 13:03:00,5
16146.0,United Kingdom,3,734.1299999999999,2011-07-05 14:20:00,26
16587.0,United Kingdom,1,225.15,2011-04-21 15:51:00,13
12622.0,Germany,1,180.1,2011-04-21 16:39:00,11
16834.0,United Kingdom,1,413.46,2011-04-26 09:37:00,24
15108.0,European Community,4,1300.2500000000005,2011-07-21 10:24:00,50
15237.0,United Kingdom,4,1412.3200000000004,2011-12-08 09:46:00,94
16965.0,United Kingdom,1,201.18999999999997,2011-04-27 12:08:00,26
15891.0,United Kingdom,1,524.52,2011-04-27 12:35:00,60
13637.0,United Kingdom,3,810.5,2011-10-18 13:32:00,79
17991.0,United Kingdom,2,93.35,2011-04-28 15:58:00,4
16418.0,United Kingdom,3,675.2699999999999,2011-10-26 12:39:00,76
16099.0,United Kingdom,3,731.9,2011-10-20 13:13:00,29
14973.0,United Kingdom,3,1314.4499999999998,2011-08-24 15:51:00,29
14271.0,United Kingdom,1,112.32,2011-04-28 12:47:00,10
16227.0,United Kingdom,1,314.21999999999997,2011-04-28 13:33:00,6
15210.0,United Kingdom,1,331.18,2011-04-28 16:11:00,20
16370.0,United Kingdom,4,1320.560000000001,2011-09-18 15:55:00,143
15376.0,United Kingdom,3,1233.3600000000001,2011-10-30 15:04:00,100
14655.0,United Kingdom,4,1932.23,2011-12-01 16:28:00,35
17615.0,United Kingdom,3,329.6000000000001,2011-08-01 14:06:00,13
16055.0,United Kingdom,1,134.8,2011-05-03 09:26:00,8
14149.0,United Kingdom,1,446.62000000000006,2011-05-03 09:44:00,28
13282.0,United Kingdom,3,1132.1399999999999,2011-11-21 15:33:00,29
17443.0,Canada,1,534.24,2011-05-04 10:47:00,1
12886.0,United Kingdom,2,1378.4000000000003,2011-10-03 10:09:00,75
17974.0,United Kingdom,3,740.7899999999995,2011-11-15 11:37:00,143
13524.0,United Kingdom,5,680.1800000000001,2011-10-30 12:34:00,17
17955.0,United Kingdom,4,557.3,2011-05-25 12:00:00,14
16610.0,United Kingdom,1,75.66,2011-05-04 13:13:00,6
17394.0,United Kingdom,1,203.86999999999995,2011-05-04 13:22:00,4
14173.0,United Kingdom,4,450.8400000000001,2011-11-29 11:54:00,28
16258.0,United Kingdom,5,5203.51,2011-10-25 13:30:00,111
14948.0,United Kingdom,6,1101.9699999999998,2011-11-16 17:16:00,56
13762.0,United Kingdom,1,306.71999999999997,2011-05-05 09:15:00,7
17429.0,United Kingdom,3,524.9200000000001,2011-08-03 13:22:00,36
14515.0,United Kingdom,6,2102.0899999999997,2011-11-22 11:37:00,68
16457.0,United Kingdom,1,208.36,2011-05-05 13:19:00,9
17527.0,United Kingdom,4,939.3700000000001,2011-10-17 12:32:00,45
13888.0,United Kingdom,2,605.63,2011-08-12 10:13:00,38
14423.0,United Kingdom,1,265.2,2011-05-05 15:12:00,3
14697.0,United Kingdom,2,188.61000000000004,2011-05-05 15:39:00,22
13867.0,United Kingdom,3,1015.29,2011-11-08 15:48:00,51
17624.0,United Kingdom,2,843.48,2011-11-25 10:52:00,49
17578.0,United Kingdom,1,143.45999999999998,2011-05-05 18:38:00,5
15668.0,United Kingdom,1,76.32000000000001,2011-05-06 10:39:00,1
15757.0,United Kingdom,2,714.4200000000001,2011-10-05 12:14:00,43
18227.0,United Kingdom,1,93.75,2011-05-06 12:23:00,5
13741.0,United Kingdom,3,668.4300000000001,2011-09-29 09:19:00,34
12394.0,Belgium,2,1272.48,2011-10-07 08:08:00,26
13723.0,United Kingdom,1,199.85000000000002,2011-05-06 17:04:00,6
16121.0,United Kingdom,2,867.1100000000001,2011-10-13 12:59:00,170
18142.0,United Kingdom,2,1019.52,2011-07-05 13:19:00,9
13642.0,United Kingdom,1,354.79999999999984,2011-05-08 12:34:00,57
15117.0,United Kingdom,5,1551.7799999999997,2011-11-25 08:12:00,63
16007.0,United Kingdom,4,1701.9400000000003,2011-10-23 11:05:00,221
17410.0,United Kingdom,5,1214.7199999999998,2011-11-23 15:46:00,57
13427.0,United Kingdom,3,582.6,2011-11-20 13:02:00,25
13492.0,Switzerland,3,1269.8400000000004,2011-07-26 14:25:00,38
16440.0,United Kingdom,5,3640.6699999999996,2011-12-02 12:02:00,186
12355.0,Bahrain,1,459.40000000000003,2011-05-09 13:49:00,13
17723.0,United Kingdom,6,3276.4,2011-08-04 18:37:00,4
14699.0,United Kingdom,1,109.13,2011-05-09 14:54:00,8
13055.0,United Kingdom,3,1214.4100000000003,2011-09-22 14:26:00,74
16357.0,United Kingdom,3,658.8800000000001,2011-11-06 16:04:00,31
14397.0,United Kingdom,19,2612.96,2011-12-07 09:22:00,18
12684.0,France,7,2283.63,2011-12-02 09:53:00,61
14288.0,United Kingdom,1,426.59999999999997,2011-05-10 13:22:00,16
15063.0,United Kingdom,1,370.79999999999995,2011-05-10 13:25:00,5
12592.0,Germany,2,437.59999999999997,2011-09-08 15:04:00,11
13990.0,United Kingdom,1,311.3,2011-05-10 15:19:00,16
16229.0,United Kingdom,2,1010.6000000000001,2011-09-13 17:16:00,46
17489.0,United Kingdom,2,376.64,2011-10-12 08:56:00,28
15729.0,United Kingdom,1,85.0,2011-05-11 12:36:00,5
13136.0,United Kingdom,5,2607.6099999999997,2011-10-14 13:41:00,94
16644.0,United Kingdom,2,833.7799999999995,2011-06-15 12:39:00,62
14277.0,France,3,4216.200000000002,2011-11-24 15:01:00,195
15187.0,United Kingdom,16,4777.18,2011-12-08 11:56:00,61
13052.0,United Kingdom,1,348.15000000000003,2011-05-11 14:12:00,18
18133.0,United Kingdom,1,931.4999999999999,2011-05-11 14:14:00,1
14883.0,United Kingdom,6,761.5899999999999,2011-11-21 10:23:00,39
12976.0,United Kingdom,1,738.5999999999999,2011-05-12 09:55:00,22
14681.0,United Kingdom,3,498.95,2011-09-29 15:52:00,6
15489.0,United Kingdom,3,1134.2799999999997,2011-11-17 08:53:00,47
14364.0,United Kingdom,8,3717.349999999999,2011-08-23 11:01:00,61
18221.0,United Kingdom,5,1041.61,2011-11-17 14:40:00,59
14651.0,United Kingdom,2,654.5999999999998,2011-10-03 15:52:00,95
13601.0,United Kingdom,2,693.3199999999999,2011-10-25 17:31:00,90
15826.0,United Kingdom,3,1654.31,2011-10-14 16:05:00,64
14342.0,United Kingdom,4,668.56,2011-11-18 13:21:00,18
14873.0,United Kingdom,1,519.68,2011-05-13 13:52:00,28
16076.0,United Kingdom,10,2234.7299999999996,2011-12-06 14:59:00,71
17263.0,United Kingdom,1,63.440000000000026,2011-05-15 14:32:00,23
16877.0,United Kingdom,6,853.7199999999998,2011-11-27 13:47:00,111
12674.0,France,4,1970.6000000000004,2011-11-01 12:12:00,52
16642.0,United Kingdom,2,688.3299999999999,2011-12-05 11:31:00,32
14038.0,United Kingdom,3,1560.3799999999987,2011-09-22 13:37:00,64
17190.0,United Kingdom,2,444.74,2011-10-12 11:33:00,19
13976.0,United Kingdom,1,357.98,2011-05-17 09:13:00,10
12690.0,France,1,389.00999999999993,2011-05-18 09:09:00,16
16446.0,United Kingdom,2,168472.5,2011-12-09 09:15:00,3
17556.0,United Kingdom,1,157.9,2011-05-18 10:48:00,6
14583.0,United Kingdom,5,1052.5500000000002,2011-12-04 12:32:00,243
14009.0,United Kingdom,2,695.6099999999996,2011-05-25 15:47:00,42
13258.0,United Kingdom,3,698.58,2011-11-28 09:31:00,28
14463.0,United Kingdom,3,529.62,2011-09-02 15:20:00,6
13192.0,United Kingdom,2,911.94,2011-09-05 14:13:00,57
13417.0,United Kingdom,2,640.83,2011-12-05 08:49:00,26
17047.0,United Kingdom,3,1100.9,2011-09-15 13:27:00,59
16647.0,United Kingdom,2,214.06000000000003,2011-06-23 11:47:00,12
15630.0,United Kingdom,2,1186.35,2011-10-25 15:36:00,57
17871.0,United Kingdom,1,155.89999999999998,2011-05-19 11:32:00,10
13529.0,United Kingdom,2,307.76,2011-09-22 09:15:00,15
12620.0,France,3,1339.41,2011-11-25 10:20:00,89
16813.0,United Kingdom,10,1692.9800000000005,2011-12-01 14:03:00,248
14859.0,United Kingdom,4,1353.74,2011-11-27 11:18:00,47
16463.0,United Kingdom,4,1422.4,2011-11-18 14:01:00,74
13658.0,United Kingdom,5,2639.17,2011-11-30 10:13:00,91
12353.0,Bahrain,1,89.0,2011-05-19 17:47:00,4
14551.0,United Kingdom,2,186.23000000000002,2011-11-21 13:36:00,9
17166.0,United Kingdom,2,206.34,2011-11-01 09:46:00,11
17926.0,United Kingdom,2,397.29,2011-07-29 14:39:00,17
17455.0,United Kingdom,1,131.7,2011-05-20 12:31:00,8
13308.0,United Kingdom,3,1385.5100000000002,2011-11-17 09:31:00,49
13243.0,United Kingdom,1,600.0700000000002,2011-05-20 13:14:00,56
15095.0,United Kingdom,4,1370.5999999999995,2011-08-28 12:01:00,30
18287.0,United Kingdom,3,1837.2799999999997,2011-10-28 09:29:00,59
18150.0,United Kingdom,3,566.5799999999999,2011-11-07 16:49:00,29
16690.0,United Kingdom,2,225.57999999999996,2011-09-28 15:02:00,10
13555.0,United Kingdom,4,4149.280000000002,2011-09-27 12:36:00,128
13972.0,United Kingdom,2,190.25000000000003,2011-09-30 11:54:00,15
13227.0,United Kingdom,1,257.7,2011-05-22 11:47:00,9
14837.0,United Kingdom,4,1649.500000000001,2011-09-11 10:58:00,96
14682.0,United Kingdom,2,52.0,2011-06-05 12:12:00,1
16341.0,United Kingdom,4,1971.8700000000001,2011-11-15 09:12:00,60
15705.0,United Kingdom,1,143.10000000000002,2011-05-22 15:37:00,6
13339.0,United Kingdom,1,860.1199999999998,2011-05-23 08:31:00,54
13885.0,United Kingdom,2,506.80000000000007,2011-06-03 15:07:00,28
12360.0,Austria,3,2662.06,2011-10-18 15:22:00,105
13546.0,United Kingdom,3,626.9899999999998,2011-11-27 14:50:00,72
18160.0,United Kingdom,2,638.06,2011-10-13 15:50:00,37
15434.0,United Kingdom,5,1041.4800000000002,2011-12-01 13:33:00,40
18018.0,United Kingdom,2,122.13999999999999,2011-08-23 17:37:00,29
16091.0,United Kingdom,2,315.06000000000006,2011-07-08 08:45:00,16
14287.0,United Kingdom,3,176.63,2011-12-01 13:25:00,9
16763.0,United Kingdom,1,611.85,2011-05-25 11:52:00,23
12562.0,France,7,3781.7399999999993,2011-12-01 17:20:00,99
12815.0,Poland,2,1063.46,2011-07-15 10:21:00,38
14584.0,United Kingdom,4,1042.2599999999995,2011-06-23 18:33:00,68
12974.0,United Kingdom,1,144.8,2011-05-26 09:33:00,8
12987.0,United Kingdom,2,558.6999999999999,2011-09-27 12:03:00,27
14816.0,United Kingdom,1,271.84999999999997,2011-05-26 13:16:00,4
15852.0,United Kingdom,2,160.71000000000004,2011-06-06 11:22:00,22
12493.0,France,2,433.74,2011-06-27 10:17:00,20
18232.0,United Kingdom,4,592.9699999999999,2011-09-19 11:49:00,31
18073.0,United Kingdom,12,3877.5200000000023,2011-08-17 14:02:00,23
16369.0,United Kingdom,3,1553.6599999999999,2011-11-21 16:25:00,91
14280.0,United Kingdom,1,134.04,2011-05-27 10:37:00,8
13135.0,United Kingdom,1,3096.0,2011-05-27 10:52:00,1
17345.0,United Kingdom,4,537.74,2011-11-24 15:03:00,70
16275.0,United Kingdom,1,559.8699999999999,2011-05-27 12:41:00,33
12876.0,Belgium,2,2218.0199999999995,2011-10-13 12:26:00,67
16323.0,United Kingdom,1,207.50000000000003,2011-05-27 14:48:00,1
14823.0,United Kingdom,3,321.42999999999984,2011-06-12 13:12:00,56
12787.0,Netherlands,3,463.65999999999997,2011-11-30 08:44:00,17
13070.0,United Kingdom,1,228.8,2011-05-31 13:45:00,9
14819.0,United Kingdom,2,272.07,2011-10-06 13:41:00,13
12790.0,Netherlands,1,324.91999999999996,2011-05-31 14:14:00,21
15163.0,United Kingdom,2,304.46999999999997,2011-11-21 13:10:00,29
18204.0,United Kingdom,3,1993.7000000000003,2011-09-29 16:44:00,159
16810.0,United Kingdom,1,309.54,2011-05-31 15:32:00,15
14597.0,United Kingdom,2,883.15,2011-11-28 13:13:00,45
16424.0,United Kingdom,1,133.56,2011-06-01 13:40:00,5
13062.0,United Kingdom,1,346.98,2011-06-01 15:12:00,11
16484.0,United Kingdom,2,404.30000000000007,2011-06-19 12:06:00,25
15184.0,United Kingdom,2,406.76000000000005,2011-11-10 13:41:00,59
18135.0,United Kingdom,5,681.9100000000001,2011-11-10 19:32:00,11
14453.0,United Kingdom,1,119.93000000000002,2011-06-02 14:15:00,22
12517.0,Germany,5,2502.84,2011-11-11 14:04:00,232
16239.0,United Kingdom,2,414.2,2011-10-14 08:29:00,18
14500.0,United Kingdom,3,356.85,2011-09-12 16:45:00,6
16967.0,United Kingdom,1,319.02,2011-06-03 14:24:00,21
15405.0,United Kingdom,1,349.09999999999997,2011-06-03 14:44:00,8
16880.0,United Kingdom,7,1519.0800000000006,2011-11-09 11:33:00,121
13435.0,United Kingdom,7,3809.8900000000003,2011-12-04 14:45:00,68
14891.0,United Kingdom,2,554.3800000000001,2011-07-14 18:08:00,30
15453.0,United Kingdom,7,1388.3700000000006,2011-12-08 10:59:00,169
16963.0,United Kingdom,1,110.55000000000001,2011-06-05 13:48:00,7
15349.0,United Kingdom,2,473.80999999999983,2011-07-04 16:06:00,65
16849.0,United Kingdom,1,124.57,2011-06-06 09:16:00,8
12802.0,Netherlands,1,427.58,2011-06-06 09:36:00,25
16298.0,United Kingdom,3,598.1999999999999,2011-11-17 11:59:00,22
18248.0,United Kingdom,2,804.02,2011-08-09 10:19:00,39
15386.0,United Kingdom,1,394.14,2011-06-06 13:47:00,31
16611.0,United Kingdom,1,129.49,2011-06-06 15:46:00,9
16825.0,United Kingdom,2,775.18,2011-11-01 11:51:00,27
12380.0,Belgium,4,2724.8099999999995,2011-11-18 11:27:00,77
17015.0,United Kingdom,3,1842.5599999999993,2011-11-11 10:45:00,182
17124.0,United Kingdom,1,298.89,2011-06-07 14:02:00,31
13395.0,United Kingdom,1,307.72,2011-06-07 15:04:00,21
14561.0,United Kingdom,3,1080.7600000000007,2011-09-25 12:39:00,67
16358.0,United Kingdom,4,2027.5000000000005,2011-12-08 15:09:00,82
12406.0,Denmark,2,3415.2999999999997,2011-11-17 19:22:00,92
16892.0,United Kingdom,5,525.5399999999998,2011-12-08 13:18:00,87
14241.0,United Kingdom,1,213.70000000000002,2011-06-09 11:46:00,10
14132.0,United Kingdom,11,3586.030000000001,2011-12-07 13:35:00,100
15252.0,United Kingdom,2,740.78,2011-11-03 13:30:00,44
17731.0,United Kingdom,4,1240.1099999999997,2011-09-21 15:02:00,54
12694.0,France,2,869.67,2011-09-30 13:06:00,32
16107.0,United Kingdom,7,3204.1600000000003,2011-11-22 09:40:00,16
17483.0,United Kingdom,3,414.04,2011-10-05 13:10:00,18
15679.0,United Kingdom,4,781.28,2011-11-15 16:19:00,98
13686.0,United Kingdom,1,72.0,2011-06-10 09:10:00,8
16581.0,United Kingdom,1,105.84,2011-06-10 10:05:00,9
15267.0,United Kingdom,5,1717.3600000000001,2011-11-17 15:59:00,8
17234.0,United Kingdom,1,149.89,2011-06-10 11:20:00,14
17797.0,United Kingdom,3,780.4300000000001,2011-11-17 13:21:00,102
15098.0,United Kingdom,3,39916.5,2011-06-10 15:33:00,1
14984.0,United Kingdom,2,213.27,2011-11-20 14:28:00,37
12516.0,Germany,2,1312.06,2011-09-23 09:13:00,20
17265.0,United Kingdom,2,562.8999999999995,2011-07-24 10:49:00,106
17289.0,United Kingdom,3,944.4099999999999,2011-11-08 12:01:00,86
16018.0,United Kingdom,2,408.90000000000003,2011-10-31 14:13:00,26
14704.0,United Kingdom,9,1546.9100000000012,2011-11-28 12:51:00,288
13517.0,United Kingdom,3,2128.42,2011-10-11 11:43:00,125
13936.0,United Kingdom,1,376.5800000000001,2011-06-13 08:47:00,26
16342.0,United Kingdom,4,322.41,2011-09-25 14:36:00,10
13080.0,United Kingdom,1,58.08,2011-06-13 14:59:00,6
13663.0,United Kingdom,1,189.47000000000003,2011-06-13 15:44:00,13
16774.0,United Kingdom,4,661.52,2011-10-03 12:41:00,36
13384.0,United Kingdom,7,4151.9299999999985,2011-11-09 11:04:00,123
14997.0,United Kingdom,3,546.2,2011-10-24 13:28:00,25
17155.0,United Kingdom,2,251.7,2011-11-22 12:38:00,19
12809.0,Portugal,1,489.30999999999995,2011-06-15 10:51:00,25
13343.0,United Kingdom,1,353.43000000000006,2011-06-15 12:24:00,19
17536.0,United Kingdom,1,76.5,2011-06-15 13:23:00,3
16324.0,United Kingdom,3,428.67999999999995,2011-08-03 12:58:00,100
17651.0,United Kingdom,10,3944.9999999999995,2011-11-28 10:29:00,149
16276.0,United Kingdom,1,810.6000000000001,2011-06-16 09:34:00,6
16257.0,United Kingdom,1,46.95,2011-06-16 10:11:00,2
16279.0,United Kingdom,3,1509.58,2011-11-18 15:00:00,102
14285.0,United Kingdom,4,1910.0100000000002,2011-11-18 14:50:00,18
17642.0,United Kingdom,2,712.2900000000001,2011-08-12 09:11:00,34
12816.0,Poland,2,572.1999999999999,2011-09-05 12:41:00,27
15014.0,United Kingdom,2,260.17,2011-10-27 20:07:00,29
14765.0,United Kingdom,3,254.10999999999999,2011-11-10 19:53:00,38
16869.0,United Kingdom,4,825.4199999999998,2011-11-17 12:02:00,113
15334.0,United Kingdom,3,351.66999999999985,2011-07-06 11:22:00,67
16744.0,United Kingdom,7,1304.7599999999998,2011-11-28 13:06:00,198
15700.0,United Kingdom,2,696.6799999999995,2011-06-20 16:53:00,85
12432.0,Norway,5,5059.320000000001,2011-10-28 11:43:00,107
17159.0,United Kingdom,3,1538.8799999999997,2011-11-18 10:52:00,96
15329.0,United Kingdom,3,1049.6999999999998,2011-10-31 15:36:00,51
15507.0,United Kingdom,1,492.36,2011-06-21 11:19:00,41
16526.0,United Kingdom,1,290.35999999999996,2011-06-21 12:02:00,15
17695.0,United Kingdom,2,765.34,2011-07-31 10:40:00,30
12930.0,United Kingdom,2,415.8,2011-09-22 15:18:00,20
14960.0,United Kingdom,2,221.26999999999998,2011-12-01 12:54:00,23
12444.0,Norway,5,5005.46,2011-11-18 13:23:00,138
15412.0,United Kingdom,1,190.53,2011-06-21 15:24:00,10
12798.0,Japan,3,6977.04,2011-11-29 15:52:00,6
13849.0,United Kingdom,2,1537.9499999999998,2011-10-19 10:59:00,97
17877.0,United Kingdom,1,237.61,2011-06-22 13:00:00,12
12379.0,Belgium,2,852.2399999999997,2011-09-19 10:09:00,39
16287.0,United Kingdom,1,142.5,2011-06-23 09:08:00,8
15130.0,United Kingdom,1,330.11,2011-06-23 10:15:00,22
12704.0,Finland,8,2340.8399999999997,2011-12-02 13:15:00,64
15253.0,United Kingdom,5,918.2,2011-11-23 16:22:00,52
17759.0,United Kingdom,3,834.99,2011-11-22 16:02:00,82
12412.0,Denmark,3,1226.88,2011-09-26 10:16:00,43
12697.0,Sweden,3,957.5899999999999,2011-11-11 08:47:00,37
12615.0,France,4,2291.1899999999996,2011-12-07 15:02:00,82
13791.0,United Kingdom,2,1516.0,2011-08-04 11:44:00,7
18193.0,United Kingdom,1,243.76000000000005,2011-06-27 13:58:00,16
16824.0,United Kingdom,2,460.64,2011-11-24 12:38:00,23
17997.0,United Kingdom,8,1970.6700000000028,2011-09-26 16:13:00,133
17408.0,United Kingdom,1,32.65,2011-06-29 12:53:00,2
15537.0,United Kingdom,1,110.92000000000002,2011-06-29 13:10:00,24
14327.0,United Kingdom,1,311.65,2011-06-29 13:58:00,12
15584.0,United Kingdom,4,725.1100000000002,2011-11-16 10:55:00,89
13745.0,United Kingdom,1,300.04,2011-06-30 16:43:00,25
16866.0,United Kingdom,3,207.73999999999998,2011-07-22 10:06:00,10
16589.0,United Kingdom,3,459.2399999999999,2011-09-29 14:50:00,31
14053.0,United Kingdom,2,260.25,2011-08-07 14:27:00,2
17312.0,United Kingdom,3,644.3,2011-07-24 11:52:00,11
13833.0,United Kingdom,1,384.79999999999995,2011-07-03 13:27:00,28
17899.0,United Kingdom,1,155.8,2011-07-03 14:58:00,29
15007.0,United Kingdom,1,156.91,2011-07-03 16:00:00,12
17464.0,United Kingdom,1,289.96,2011-07-04 13:19:00,9
16861.0,United Kingdom,2,173.76,2011-10-11 09:05:00,6
16344.0,United Kingdom,1,101.10000000000001,2011-07-04 15:50:00,1
17024.0,United Kingdom,3,95.85,2011-10-25 13:47:00,2
14034.0,United Kingdom,3,651.82,2011-11-17 14:02:00,82
18203.0,United Kingdom,1,160.41999999999996,2011-07-05 13:07:00,19
13109.0,United Kingdom,2,786.5400000000001,2011-10-11 10:16:00,41
13217.0,United Kingdom,3,533.98,2011-08-09 15:32:00,3
15505.0,United Kingdom,5,3610.960000000001,2011-10-18 07:56:00,90
18013.0,United Kingdom,2,187.29000000000002,2011-07-07 14:11:00,31
14493.0,United Kingdom,5,2383.2400000000007,2011-12-02 16:14:00,95
13302.0,United Kingdom,1,63.75,2011-07-07 17:56:00,1
17031.0,United Kingdom,2,380.35,2011-11-28 10:23:00,19
12461.0,Switzerland,2,826.8800000000002,2011-09-06 16:57:00,35
18121.0,United Kingdom,2,673.0999999999999,2011-07-13 12:53:00,28
15901.0,United Kingdom,3,363.88,2011-11-23 12:43:00,102
14918.0,United Kingdom,2,1610.1499999999999,2011-08-16 11:50:00,39
15467.0,United Kingdom,3,524.8800000000001,2011-11-30 14:17:00,41
16174.0,United Kingdom,3,1009.55,2011-08-05 13:26:00,19
14690.0,United Kingdom,2,371.70000000000005,2011-10-26 15:39:00,40
13058.0,United Kingdom,3,271.40000000000003,2011-11-15 12:43:00,5
12556.0,Spain,2,603.7099999999998,2011-10-20 13:06:00,100
12358.0,Austria,2,1168.06,2011-12-08 10:26:00,13
13207.0,United Kingdom,2,250.26000000000005,2011-11-24 14:52:00,7
18122.0,United Kingdom,6,1826.210000000001,2011-12-01 13:08:00,239
17405.0,United Kingdom,3,1031.4100000000005,2011-12-08 17:12:00,77
13311.0,United Kingdom,2,598.57,2011-12-05 12:55:00,25
13669.0,United Kingdom,2,218.54999999999998,2011-10-20 09:32:00,9
16450.0,United Kingdom,1,311.92,2011-07-13 11:47:00,11
12405.0,Finland,1,1710.3899999999999,2011-07-14 08:52:00,54
14265.0,Unspecified,2,530.18,2011-08-22 13:32:00,31
14862.0,United Kingdom,2,841.2,2011-11-14 10:01:00,47
14716.0,United Kingdom,2,329.68000000000006,2011-10-27 17:29:00,46
13933.0,United Kingdom,2,608.7900000000002,2011-08-22 14:03:00,23
15306.0,United Kingdom,3,1174.3500000000001,2011-10-06 12:56:00,57
15839.0,United Kingdom,3,1048.49,2011-11-06 13:54:00,56
14332.0,United Kingdom,3,866.3100000000002,2011-11-17 11:54:00,22
17948.0,United Kingdom,1,358.56000000000006,2011-07-15 12:58:00,1
13507.0,United Kingdom,4,2479.16,2011-12-06 13:13:00,146
16054.0,United Kingdom,1,783.9,2011-07-17 13:08:00,70
17984.0,United Kingdom,1,152.68000000000004,2011-07-17 15:59:00,48
17779.0,United Kingdom,3,658.5699999999999,2011-11-18 14:15:00,73
18101.0,United Kingdom,2,223.64999999999998,2011-11-28 13:37:00,37
12560.0,Germany,3,2134.01,2011-12-04 13:54:00,91
16764.0,United Kingdom,13,2799.2500000000027,2011-12-06 11:41:00,209
18180.0,United Kingdom,6,1843.75,2011-12-05 08:39:00,108
17866.0,United Kingdom,1,329.65,2011-07-20 11:07:00,9
17229.0,United Kingdom,2,318.76000000000005,2011-09-04 13:56:00,39
16464.0,United Kingdom,3,1314.6799999999998,2011-11-20 12:11:00,152
14259.0,United Kingdom,1,120.0,2011-07-21 10:44:00,5
14517.0,United Kingdom,2,330.45000000000005,2011-11-06 14:20:00,17
17694.0,United Kingdom,1,283.12,2011-07-21 12:00:00,15
17660.0,United Kingdom,1,196.00000000000003,2011-07-21 13:37:00,37
15623.0,United Kingdom,1,301.0299999999999,2011-07-21 17:26:00,19
15232.0,United Kingdom,2,612.06,2011-08-18 16:27:00,26
13079.0,United Kingdom,5,220.10000000000002,2011-12-05 16:53:00,2
18262.0,United Kingdom,1,149.48000000000002,2011-07-22 16:04:00,13
15506.0,United Kingdom,3,979.26,2011-11-17 12:11:00,121
16305.0,United Kingdom,1,361.22,2011-07-24 12:18:00,22
17703.0,United Kingdom,3,798.74,2011-11-04 15:51:00,47
13116.0,United Kingdom,1,501.14000000000004,2011-07-24 14:33:00,30
17040.0,United Kingdom,1,449.7299999999999,2011-07-25 10:19:00,15
13814.0,Germany,2,1579.1200000000003,2011-09-08 13:48:00,37
17693.0,United Kingdom,1,200.47,2011-07-25 15:48:00,16
13379.0,United Kingdom,3,572.56,2011-11-13 13:45:00,85
16447.0,United Kingdom,1,259.0099999999999,2011-07-27 12:45:00,34
12397.0,Belgium,2,2409.8999999999996,2011-11-04 09:52:00,110
14331.0,United Kingdom,2,462.65999999999997,2011-08-07 13:17:00,27
15105.0,United Kingdom,7,2298.9300000000003,2011-11-21 16:54:00,90
14855.0,United Kingdom,2,645.65,2011-08-12 14:02:00,13
13925.0,United Kingdom,4,678.2499999999999,2011-09-08 12:47:00,28
15639.0,United Kingdom,1,425.32,2011-07-28 14:30:00,25
15118.0,United Kingdom,1,244.8,2011-07-28 14:54:00,1
12743.0,Unspecified,2,546.4299999999997,2011-07-28 16:21:00,114
14143.0,United Kingdom,1,115.8,2011-07-29 09:48:00,7
15120.0,United Kingdom,1,358.82,2011-07-29 09:48:00,21
18127.0,United Kingdom,3,348.7300000000001,2011-11-20 14:05:00,41
15149.0,United Kingdom,1,520.8,2011-07-29 10:58:00,23
18081.0,United Kingdom,3,343.45,2011-11-03 16:30:00,14
12716.0,France,2,1053.49,2011-12-06 08:55:00,60
13928.0,United Kingdom,4,464.57000000000005,2011-11-29 10:33:00,23
17941.0,United Kingdom,1,304.56,2011-08-01 08:30:00,2
17053.0,United Kingdom,1,498.48,2011-08-01 10:23:00,13
12534.0,Germany,1,1089.1799999999996,2011-08-01 10:26:00,63
12844.0,United Kingdom,2,325.96000000000004,2011-11-10 13:31:00,47
14567.0,United Kingdom,2,1530.36,2011-10-14 10:21:00,33
14937.0,Channel Islands,3,1621.8799999999999,2011-10-14 12:29:00,33
12828.0,United Kingdom,6,1018.7099999999998,2011-12-07 08:45:00,46
13023.0,United Kingdom,2,689.9000000000001,2011-10-06 16:27:00,36
13075.0,United Kingdom,1,919.6099999999999,2011-08-02 10:19:00,22
15342.0,United Kingdom,1,406.09,2011-08-02 10:19:00,24
12378.0,Switzerland,1,4008.619999999999,2011-08-02 10:34:00,219
17788.0,United Kingdom,2,1117.9,2011-09-27 10:09:00,3
13850.0,United Kingdom,1,1595.4800000000005,2011-08-02 14:04:00,93
14076.0,United Kingdom,1,122.47000000000001,2011-08-02 15:19:00,43
17887.0,United Kingdom,1,111.35,2011-08-02 17:29:00,10
13186.0,United Kingdom,3,1575.89,2011-10-31 11:40:00,69
15374.0,United Kingdom,1,168.0,2011-08-03 09:59:00,3
15089.0,United Kingdom,6,2420.84,2011-11-29 16:31:00,139
14972.0,United Kingdom,1,114.77000000000002,2011-08-03 14:54:00,18
12917.0,United Kingdom,1,594.0,2011-08-03 16:42:00,2
12689.0,France,2,1247.6100000000001,2011-11-14 08:31:00,57
14768.0,United Kingdom,2,192.6,2011-11-22 12:54:00,4
17584.0,United Kingdom,2,1242.3,2011-12-02 17:12:00,30
18099.0,United Kingdom,1,168.31000000000003,2011-08-04 15:52:00,19
15205.0,United Kingdom,2,653.2399999999998,2011-09-15 19:36:00,37
16302.0,United Kingdom,1,233.22,2011-08-05 09:44:00,11
13513.0,United Kingdom,1,205.1,2011-08-05 11:50:00,10
12610.0,Italy,5,2099.5400000000004,2011-11-17 09:34:00,85
14079.0,United Kingdom,1,375.09999999999997,2011-08-07 12:10:00,12
17298.0,United Kingdom,2,498.42,2011-08-30 16:43:00,30
14024.0,United Kingdom,2,327.70000000000005,2011-08-10 11:30:00,16
16066.0,United Kingdom,5,1521.87,2011-11-23 11:54:00,77
17331.0,United Kingdom,1,175.2,2011-08-08 11:55:00,1
15247.0,United Kingdom,1,356.0,2011-08-09 12:52:00,6
16053.0,United Kingdom,2,1511.9499999999996,2011-11-07 11:21:00,81
12384.0,Switzerland,2,585.27,2011-11-11 08:39:00,26
12571.0,France,2,519.61,2011-10-31 10:19:00,31
14116.0,United Kingdom,5,1382.7399999999998,2011-11-20 10:29:00,61
15608.0,United Kingdom,4,1093.68,2011-11-11 13:20:00,59
13645.0,United Kingdom,1,252.1,2011-08-11 16:11:00,5
15469.0,United Kingdom,2,538.5500000000001,2011-10-20 16:21:00,24
12381.0,Norway,5,1845.3099999999995,2011-12-05 12:44:00,70
14301.0,United Kingdom,1,640.14,2011-08-14 15:33:00,13
13621.0,United Kingdom,1,213.85,2011-08-15 08:26:00,19
16272.0,United Kingdom,1,411.70000000000016,2011-08-15 10:54:00,25
17958.0,United Kingdom,1,508.4599999999999,2011-08-15 12:19:00,7
16836.0,United Kingdom,2,251.87,2011-10-31 10:05:00,11
16902.0,United Kingdom,1,1706.8799999999999,2011-08-15 14:17:00,43
15706.0,United Kingdom,4,1060.56,2011-10-07 10:09:00,50
15315.0,United Kingdom,2,570.5,2011-10-06 12:51:00,35
15653.0,United Kingdom,2,877.4399999999999,2011-09-08 10:49:00,4
17637.0,United Kingdom,2,547.06,2011-11-08 12:51:00,35
12641.0,Sweden,1,185.9,2011-08-16 13:26:00,10
15541.0,United Kingdom,1,85.13000000000005,2011-08-17 14:58:00,29
16706.0,United Kingdom,3,531.3499999999996,2011-11-02 13:50:00,108
17070.0,United Kingdom,1,312.13999999999993,2011-08-17 17:01:00,62
12688.0,Israel,1,4873.81,2011-08-18 08:49:00,171
12513.0,France,1,612.29,2011-08-19 10:51:00,35
15396.0,United Kingdom,1,288.18,2011-08-19 10:56:00,14
12418.0,Switzerland,1,668.5799999999999,2011-08-19 11:08:00,34
16828.0,United Kingdom,2,128.5,2011-09-07 15:10:00,8
14772.0,United Kingdom,1,139.26000000000002,2011-08-19 15:04:00,9
12364.0,Belgium,4,1313.1,2011-12-02 10:22:00,70
16330.0,United Kingdom,3,251.90999999999997,2011-11-22 12:24:00,39
15701.0,United Kingdom,4,1542.1400000000006,2011-12-07 14:39:00,193
14529.0,United Kingdom,3,620.0399999999995,2011-10-10 15:27:00,177
16536.0,United Kingdom,1,548.97,2011-08-21 15:54:00,49
15313.0,United Kingdom,1,52.0,2011-08-21 16:02:00,1
16201.0,United Kingdom,4,1863.469999999999,2011-12-06 16:02:00,74
16555.0,United Kingdom,2,285.89,2011-11-04 14:31:00,15
14387.0,United Kingdom,3,1770.5600000000002,2011-11-07 12:29:00,125
18147.0,United Kingdom,2,179.33999999999997,2011-10-25 11:46:00,7
14523.0,United Kingdom,1,241.09,2011-08-23 13:13:00,12
12642.0,Germany,3,1013.2599999999999,2011-11-14 15:03:00,39
16968.0,United Kingdom,2,439.43000000000006,2011-12-05 15:02:00,31
16723.0,United Kingdom,2,589.1499999999999,2011-09-09 13:01:00,37
16340.0,United Kingdom,1,549.0699999999999,2011-08-24 14:53:00,124
13236.0,United Kingdom,2,744.8499999999999,2011-11-15 12:50:00,34
14196.0,United Kingdom,1,335.52,2011-08-25 10:25:00,6
15263.0,United Kingdom,1,156.51,2011-08-25 10:26:00,12
14314.0,United Kingdom,1,119.99999999999999,2011-08-25 10:39:00,8
14687.0,United Kingdom,1,628.38,2011-08-25 11:59:00,15
14050.0,United Kingdom,2,746.3599999999999,2011-11-08 10:00:00,49
14055.0,United Kingdom,1,725.6400000000001,2011-08-25 15:04:00,10
18200.0,United Kingdom,1,163.79999999999998,2011-08-25 18:45:00,29
13644.0,United Kingdom,4,2624.2599999999998,2011-11-23 14:07:00,144
17451.0,United Kingdom,7,1721.4,2011-12-08 15:02:00,83
16641.0,United Kingdom,1,231.1,2011-08-26 12:49:00,12
13812.0,Germany,3,539.0,2011-10-28 14:27:00,33
14141.0,United Kingdom,4,915.1300000000001,2011-12-07 09:53:00,27
12492.0,Germany,2,263.21,2011-10-07 15:15:00,19
17183.0,United Kingdom,6,3347.309999999999,2011-12-02 10:07:00,42
13778.0,United Kingdom,1,178.7,2011-08-28 15:25:00,9
14869.0,United Kingdom,2,725.6999999999998,2011-12-01 12:36:00,66
14096.0,United Kingdom,17,65164.789999999724,2011-12-05 17:17:00,1119
14108.0,United Kingdom,2,597.9100000000001,2011-11-09 10:41:00,33
15866.0,United Kingdom,1,230.53,2011-08-30 14:09:00,43
13726.0,United Kingdom,2,1079.6599999999999,2011-11-01 10:49:00,39
15690.0,United Kingdom,2,239.76,2011-12-05 15:59:00,19
16278.0,United Kingdom,1,566.3799999999999,2011-08-31 17:12:00,23
13276.0,United Kingdom,2,590.9300000000001,2011-10-07 12:44:00,30
12436.0,Norway,1,509.01000000000005,2011-09-01 12:09:00,16
13147.0,United Kingdom,4,712.8,2011-11-29 13:59:00,1
13099.0,United Kingdom,1,207.35999999999999,2011-09-01 17:40:00,1
14420.0,United Kingdom,1,387.52,2011-09-01 18:07:00,29
12832.0,United Kingdom,2,383.03000000000003,2011-11-07 13:30:00,27
16674.0,United Kingdom,2,319.61000000000007,2011-10-16 11:31:00,89
16173.0,United Kingdom,6,1418.32,2011-11-24 10:53:00,70
14171.0,United Kingdom,1,363.7899999999999,2011-09-02 16:43:00,57
13808.0,United Kingdom,5,1747.6600000000003,2011-12-04 12:18:00,70
15215.0,United Kingdom,3,734.9399999999999,2011-10-24 11:41:00,33
14335.0,Germany,2,468.26,2011-11-23 13:41:00,55
15136.0,United Kingdom,4,1286.6999999999998,2011-12-07 12:26:00,61
16629.0,United Kingdom,2,417.7299999999999,2011-09-27 10:34:00,58
17309.0,United Kingdom,1,82.75,2011-09-05 15:20:00,11
14360.0,United Kingdom,4,2128.23,2011-11-08 09:12:00,104
14208.0,United Kingdom,1,151.74,2011-09-06 12:48:00,10
12526.0,Germany,3,1316.6599999999996,2011-12-09 12:09:00,64
13210.0,United Kingdom,1,353.47999999999996,2011-09-07 08:18:00,22
17481.0,United Kingdom,4,1255.5900000000004,2011-12-06 12:28:00,69
12685.0,France,6,2863.08,2011-11-11 13:46:00,117
17573.0,United Kingdom,3,380.6,2011-11-10 13:01:00,24
15488.0,United Kingdom,1,91.32000000000001,2011-09-08 10:11:00,2
13244.0,United Kingdom,1,121.74000000000001,2011-09-08 11:46:00,27
13441.0,United Kingdom,1,296.64,2011-09-09 09:38:00,13
13823.0,United Kingdom,2,957.6600000000001,2011-11-21 10:22:00,39
14824.0,United Kingdom,4,1127.71,2011-11-29 14:20:00,19
15652.0,United Kingdom,1,337.74,2011-09-09 14:22:00,21
15035.0,United Kingdom,1,252.73,2011-09-11 11:08:00,26
14508.0,United Kingdom,2,276.42,2011-11-17 19:48:00,52
13272.0,United Kingdom,2,276.56000000000006,2011-11-08 14:00:00,15
14250.0,United Kingdom,3,1904.05,2011-12-02 14:30:00,94
15782.0,United Kingdom,3,2614.74,2011-11-30 10:49:00,34
12884.0,United Kingdom,1,309.05,2011-09-12 13:10:00,7
16141.0,United Kingdom,1,620.4,2011-09-12 13:11:00,30
16360.0,United Kingdom,6,3512.5300000000007,2011-12-05 12:16:00,365
17433.0,United Kingdom,1,303.1599999999999,2011-09-12 14:24:00,53
13704.0,United Kingdom,9,2308.0600000000004,2011-12-04 15:13:00,111
14020.0,United Kingdom,2,642.8,2011-11-23 09:22:00,37
15522.0,United Kingdom,2,398.8400000000001,2011-11-07 11:26:00,47
15343.0,United Kingdom,1,364.5,2011-09-13 13:55:00,21
14753.0,United Kingdom,1,563.1499999999999,2011-09-13 14:50:00,30
16959.0,United Kingdom,1,117.35000000000001,2011-09-13 15:03:00,7
17640.0,United Kingdom,1,621.66,2011-09-14 09:13:00,5
12756.0,Japan,1,112.08000000000001,2011-09-14 09:31:00,4
17728.0,United Kingdom,3,2876.010000000001,2011-12-06 08:52:00,153
15933.0,United Kingdom,3,1107.4599999999998,2011-11-18 13:14:00,63
17347.0,United Kingdom,1,228.96,2011-09-14 13:12:00,1
15103.0,United Kingdom,2,703.36,2011-11-08 14:53:00,35
15707.0,United Kingdom,4,945.5799999999998,2011-11-04 14:35:00,126
13430.0,United Kingdom,2,679.45,2011-11-21 08:19:00,48
12566.0,Germany,1,351.6500000000001,2011-09-14 14:30:00,19
13321.0,United Kingdom,2,567.36,2011-09-28 15:24:00,10
13877.0,United Kingdom,1,117.24000000000001,2011-09-14 15:49:00,3
15322.0,United Kingdom,1,679.6799999999998,2011-09-15 09:34:00,42
14306.0,United Kingdom,2,2093.3199999999997,2011-10-19 13:23:00,33
15573.0,United Kingdom,2,607.4499999999999,2011-11-08 11:38:00,88
17434.0,United Kingdom,7,2373.820000000001,2011-12-07 13:16:00,100
17846.0,United Kingdom,1,2033.1,2011-09-15 15:20:00,1
15417.0,United Kingdom,1,508.8000000000001,2011-09-15 15:26:00,28
12995.0,United Kingdom,1,211.32,2011-09-15 15:44:00,3
14557.0,United Kingdom,1,788.3800000000001,2011-09-15 15:48:00,16
17144.0,United Kingdom,2,984.57,2011-12-08 17:57:00,42
14124.0,United Kingdom,1,419.58,2011-09-16 13:32:00,4
15523.0,United Kingdom,1,412.01000000000005,2011-09-16 16:29:00,10
16878.0,United Kingdom,1,13.3,2011-09-16 17:39:00,3
15947.0,United Kingdom,1,1708.2399999999998,2011-09-18 10:46:00,29
13247.0,United Kingdom,4,501.12,2011-11-22 10:59:00,18
13566.0,United Kingdom,2,874.7099999999997,2011-10-30 11:59:00,134
18194.0,United Kingdom,1,973.8399999999999,2011-09-18 13:29:00,7
13325.0,United Kingdom,1,675.3,2011-09-19 10:36:00,12
12640.0,France,3,1174.58,2011-11-16 11:52:00,47
13774.0,United Kingdom,1,345.0,2011-09-19 12:06:00,22
15500.0,United Kingdom,4,1131.5600000000002,2011-12-01 13:47:00,64
13228.0,United Kingdom,1,358.0,2011-09-19 14:28:00,2
14356.0,United Kingdom,2,701.2299999999998,2011-09-21 09:18:00,33
13416.0,United Kingdom,2,712.5,2011-10-27 08:56:00,11
17628.0,United Kingdom,1,75.75,2011-09-19 15:21:00,5
16527.0,United Kingdom,1,228.06,2011-09-19 16:21:00,14
14164.0,United Kingdom,2,1631.77,2011-09-30 12:24:00,28
13356.0,United Kingdom,1,768.24,2011-09-20 14:33:00,42
12390.0,Belgium,1,549.8400000000001,2011-09-21 09:33:00,32
17415.0,United Kingdom,1,507.8399999999999,2011-09-21 12:50:00,14
12550.0,Spain,1,964.8299999999999,2011-09-21 14:35:00,57
16627.0,United Kingdom,1,322.79999999999995,2011-09-21 14:38:00,20
14951.0,United Kingdom,1,311.69000000000005,2011-09-21 15:15:00,20
17466.0,United Kingdom,2,763.28,2011-11-29 13:15:00,41
17172.0,United Kingdom,1,317.76,2011-09-22 09:36:00,15
15239.0,United Kingdom,2,780.5899999999999,2011-11-29 14:14:00,48
15571.0,United Kingdom,4,650.4300000000001,2011-11-28 10:02:00,47
15484.0,United Kingdom,4,3594.3100000000004,2011-12-08 15:03:00,135
12936.0,United Kingdom,4,1063.9,2011-11-22 17:32:00,56
17603.0,United Kingdom,1,394.72,2011-09-22 14:18:00,11
15398.0,United Kingdom,2,1345.5299999999997,2011-11-23 16:47:00,60
12906.0,United Kingdom,5,2919.8099999999995,2011-11-28 09:55:00,55
17079.0,United Kingdom,1,118.80000000000001,2011-09-22 15:34:00,2
17163.0,United Kingdom,2,293.1,2011-11-18 08:57:00,3
12952.0,United Kingdom,4,1387.79,2011-12-04 10:35:00,64
13279.0,United Kingdom,1,137.75000000000003,2011-09-22 17:24:00,9
12425.0,Portugal,1,777.2,2011-09-22 17:31:00,36
16715.0,United Kingdom,1,301.72,2011-09-22 18:15:00,19
13519.0,United Kingdom,1,122.75000000000003,2011-09-22 18:24:00,8
12546.0,Spain,2,1161.5,2011-10-24 12:09:00,59
15744.0,United Kingdom,1,34.8,2011-09-23 09:52:00,3
13127.0,United Kingdom,1,259.17,2011-09-23 10:26:00,15
17480.0,United Kingdom,1,511.81999999999994,2011-09-23 11:39:00,29
15075.0,United Kingdom,1,773.0300000000002,2011-09-23 12:27:00,27
14014.0,United Kingdom,1,505.1799999999999,2011-09-23 13:18:00,39
15807.0,United Kingdom,3,903.9000000000001,2011-10-20 14:10:00,48
15475.0,United Kingdom,1,454.1099999999999,2011-09-23 15:20:00,29
15978.0,United Kingdom,1,1098.78,2011-09-23 15:21:00,49
17006.0,United Kingdom,4,781.7800000000001,2011-12-05 12:09:00,37
16049.0,United Kingdom,3,1111.79,2011-10-30 13:19:00,248
14757.0,United Kingdom,1,420.5,2011-09-25 14:36:00,19
16198.0,United Kingdom,1,400.68100000000004,2011-09-25 14:58:00,15
13670.0,United Kingdom,1,349.7,2011-09-25 15:25:00,25
14806.0,United Kingdom,1,193.39000000000001,2011-09-25 15:32:00,11
15154.0,United Kingdom,1,296.4200000000001,2011-09-25 16:05:00,66
12925.0,United Kingdom,2,694.05,2011-12-05 11:11:00,42
13927.0,United Kingdom,1,348.99000000000007,2011-09-26 12:00:00,21
13639.0,United Kingdom,1,1033.3399999999997,2011-09-26 13:36:00,39
15492.0,United Kingdom,2,659.46,2011-11-11 14:53:00,32
15243.0,United Kingdom,1,316.68000000000006,2011-09-26 14:12:00,22
16999.0,United Kingdom,2,484.82,2011-11-16 13:53:00,21
13314.0,United Kingdom,3,775.9400000000003,2011-12-08 12:29:00,55
13979.0,United Kingdom,1,869.87,2011-09-27 13:32:00,54
16181.0,United Kingdom,1,305.54,2011-09-27 13:38:00,11
15348.0,United Kingdom,1,158.04,2011-09-28 13:17:00,9
16281.0,United Kingdom,1,2062.0600000000004,2011-09-28 14:57:00,17
13924.0,United Kingdom,6,1838.8500000000004,2011-12-08 09:39:00,90
14434.0,United Kingdom,6,1372.8,2011-11-18 08:56:00,3
16650.0,United Kingdom,1,518.4200000000001,2011-09-29 09:51:00,24
18192.0,United Kingdom,1,957.9699999999995,2011-09-29 09:53:00,45
17447.0,United Kingdom,2,541.53,2011-10-30 14:18:00,33
17427.0,United Kingdom,1,100.8,2011-09-29 11:29:00,2
17528.0,United Kingdom,8,3628.499999999999,2011-12-08 13:27:00,183
16361.0,United Kingdom,4,896.6599999999999,2011-11-30 12:32:00,87
13354.0,United Kingdom,1,743.5299999999999,2011-09-29 13:17:00,51
15050.0,United Kingdom,3,1782.0899999999997,2011-11-14 16:17:00,68
16653.0,United Kingdom,2,1212.6599999999999,2011-11-23 14:51:00,67
13759.0,United Kingdom,2,659.4100000000001,2011-11-06 14:47:00,24
12718.0,France,1,238.25,2011-09-29 16:38:00,19
15949.0,United Kingdom,2,364.72,2011-11-23 09:09:00,12
12703.0,Germany,1,283.54999999999995,2011-09-29 17:52:00,21
13364.0,United Kingdom,1,134.96,2011-09-29 18:13:00,10
15593.0,United Kingdom,1,199.8,2011-09-30 11:46:00,5
15185.0,United Kingdom,1,310.62,2011-09-30 14:06:00,21
16404.0,United Kingdom,1,443.05,2011-09-30 14:55:00,23
16591.0,United Kingdom,1,213.50000000000003,2011-10-02 10:43:00,10
13558.0,United Kingdom,4,605.0600000000001,2011-12-04 11:24:00,123
16533.0,United Kingdom,3,1095.5599999999997,2011-11-20 13:08:00,112
14488.0,United Kingdom,1,1064.2800000000002,2011-10-03 09:30:00,46
14333.0,United Kingdom,1,415.20000000000005,2011-10-03 10:38:00,15
17330.0,United Kingdom,2,363.9,2011-11-17 08:56:00,5
17321.0,United Kingdom,2,700.8600000000001,2011-12-01 13:41:00,94
14815.0,United Kingdom,2,778.4999999999999,2011-11-03 11:36:00,53
16183.0,United Kingdom,1,338.71000000000004,2011-10-03 14:59:00,15
13297.0,United Kingdom,4,2089.8499999999995,2011-12-02 09:32:00,52
16881.0,United Kingdom,1,432.0,2011-10-04 10:33:00,1
17014.0,United Kingdom,3,586.3299999999998,2011-12-01 14:09:00,63
15739.0,United Kingdom,1,449.12,2011-10-04 13:42:00,8
16106.0,United Kingdom,1,108.38,2011-10-05 10:37:00,6
16478.0,United Kingdom,3,331.0,2011-11-14 15:51:00,15
12789.0,Netherlands,1,91.85000000000001,2011-10-05 13:34:00,4
16020.0,United Kingdom,3,851.01,2011-11-23 11:18:00,42
16758.0,United Kingdom,1,369.34,2011-10-05 14:47:00,22
13845.0,United Kingdom,1,312.98,2011-10-06 08:25:00,9
13602.0,United Kingdom,1,428.89,2011-10-06 11:47:00,23
17295.0,United Kingdom,3,556.9500000000002,2011-11-11 10:49:00,53
16432.0,United Kingdom,1,287.4,2011-10-06 13:59:00,8
13816.0,Germany,2,571.67,2011-11-16 08:38:00,25
13882.0,United Kingdom,5,1191.13,2011-12-07 11:16:00,54
15766.0,United Kingdom,1,315.05999999999995,2011-10-06 17:03:00,11
15300.0,United Kingdom,1,496.4399999999999,2011-10-06 17:08:00,28
13348.0,United Kingdom,1,233.76000000000005,2011-10-06 17:28:00,14
14592.0,United Kingdom,3,570.4599999999998,2011-11-04 16:35:00,132
12420.0,Cyprus,1,600.3900000000001,2011-10-07 08:55:00,29
14427.0,United Kingdom,2,363.34000000000003,2011-10-20 14:23:00,16
14792.0,United Kingdom,1,6.2,2011-10-07 09:19:00,2
12519.0,Germany,1,340.84,2011-10-07 09:26:00,17
13359.0,United Kingdom,1,439.56,2011-10-07 09:30:00,23
14138.0,United Kingdom,2,982.3800000000002,2011-12-08 12:44:00,40
15297.0,United Kingdom,3,641.94,2011-11-29 16:32:00,30
12740.0,France,1,427.6,2011-10-07 10:44:00,27
13419.0,United Kingdom,1,221.06000000000003,2011-10-07 12:49:00,16
17509.0,United Kingdom,8,6115.140000000001,2011-10-13 10:26:00,75
16900.0,United Kingdom,3,887.11,2011-11-23 10:32:00,78
13689.0,United Kingdom,1,910.0,2011-10-07 13:21:00,6
16104.0,United Kingdom,1,302.35999999999996,2011-10-09 10:23:00,28
15612.0,United Kingdom,2,195.15,2011-11-03 14:52:00,4
15787.0,United Kingdom,3,948.0500000000002,2011-11-13 14:55:00,156
16595.0,United Kingdom,1,360.16,2011-10-09 13:15:00,83
13260.0,United Kingdom,1,557.62,2011-10-09 13:21:00,8
15821.0,United Kingdom,2,570.9600000000002,2011-10-26 15:48:00,57
13193.0,United Kingdom,1,117.88000000000001,2011-10-09 14:30:00,22
13212.0,United Kingdom,3,788.0799999999999,2011-11-20 12:40:00,128
16380.0,United Kingdom,1,1780.5900000000004,2011-10-09 15:40:00,28
16921.0,United Kingdom,1,169.79000000000008,2011-10-09 16:22:00,50
15193.0,United Kingdom,1,499.32000000000005,2011-10-10 08:23:00,19
16179.0,United Kingdom,1,215.83,2011-10-10 09:41:00,11
15473.0,United Kingdom,7,1771.2,2011-11-25 15:15:00,4
18126.0,United Kingdom,1,206.83000000000013,2011-10-10 12:19:00,52
16688.0,United Kingdom,4,1260.86,2011-12-08 15:24:00,52
17186.0,United Kingdom,2,144.0,2011-10-24 10:20:00,1
16776.0,United Kingdom,1,388.28000000000003,2011-10-10 13:04:00,61
13980.0,United Kingdom,1,200.14000000000001,2011-10-10 13:34:00,11
13352.0,United Kingdom,1,397.9800000000001,2011-10-10 13:55:00,24
15553.0,United Kingdom,1,437.22999999999996,2011-10-10 14:02:00,51
15886.0,United Kingdom,1,181.09,2011-10-10 14:25:00,12
17203.0,United Kingdom,6,3563.8499999999995,2011-11-04 12:27:00,116
12607.0,USA,1,1579.5100000000002,2011-10-10 16:06:00,101
12772.0,Portugal,1,892.4700000000003,2011-10-11 09:19:00,55
12371.0,Switzerland,2,1887.9600000000003,2011-10-26 10:16:00,63
16171.0,United Kingdom,1,73.2,2011-10-11 14:51:00,3
12536.0,France,3,12601.830000000005,2011-10-27 14:20:00,260
17934.0,United Kingdom,2,704.2499999999998,2011-10-19 11:16:00,21
16753.0,United Kingdom,1,223.92000000000002,2011-10-12 13:14:00,34
17737.0,United Kingdom,2,168.24,2011-11-30 15:16:00,8
13464.0,United Kingdom,1,674.68,2011-10-12 15:01:00,41
12667.0,Finland,1,620.1299999999999,2011-10-12 17:00:00,33
14251.0,United Kingdom,5,2879.7000000000003,2011-12-08 08:32:00,37
12631.0,Finland,1,640.5000000000001,2011-10-13 13:53:00,31
14975.0,United Kingdom,1,279.94,2011-10-13 14:08:00,11
16773.0,United Kingdom,1,171.59,2011-10-13 14:37:00,23
16430.0,United Kingdom,1,300.85,2011-10-13 14:47:00,6
16793.0,United Kingdom,1,243.83999999999997,2011-10-13 15:08:00,16
18130.0,United Kingdom,3,1059.3900000000003,2011-11-24 14:40:00,58
14089.0,United Kingdom,1,161.0,2011-10-14 10:38:00,13
16413.0,United Kingdom,1,262.20000000000005,2011-10-14 12:08:00,30
13006.0,United Kingdom,1,81.57,2011-10-14 13:49:00,4
12454.0,Spain,1,3528.34,2011-10-14 17:13:00,15
13878.0,United Kingdom,1,1281.5300000000002,2011-10-16 12:19:00,35
14547.0,United Kingdom,8,4007.5399999999995,2011-12-06 11:06:00,198
15113.0,United Kingdom,3,3609.33,2011-11-30 08:23:00,77
12475.0,Germany,1,723.38,2011-10-17 10:10:00,36
16542.0,United Kingdom,1,119.62,2011-10-17 10:47:00,5
18042.0,United Kingdom,1,165.05,2011-10-17 11:49:00,7
13923.0,United Kingdom,1,351.13000000000005,2011-10-17 12:33:00,20
16412.0,United Kingdom,1,151.83,2011-10-17 12:35:00,25
17534.0,United Kingdom,1,223.36,2011-10-17 12:47:00,9
15335.0,United Kingdom,1,173.97000000000003,2011-10-17 12:50:00,34
15066.0,United Kingdom,1,893.5899999999999,2011-10-17 13:25:00,42
16363.0,United Kingdom,1,109.36000000000001,2011-10-17 14:14:00,5
14830.0,United Kingdom,1,197.13,2011-10-17 14:29:00,39
15355.0,United Kingdom,2,277.05000000000007,2011-11-10 13:44:00,9
15637.0,United Kingdom,1,223.36,2011-10-18 08:28:00,15
16848.0,United Kingdom,1,281.42,2011-10-18 08:42:00,14
14015.0,United Kingdom,1,917.3399999999999,2011-10-18 10:02:00,20
13594.0,United Kingdom,1,396.96999999999997,2011-10-18 10:19:00,26
14179.0,United Kingdom,2,719.7799999999997,2011-10-30 12:07:00,135
15604.0,United Kingdom,1,216.38999999999996,2011-10-18 14:47:00,17
16123.0,United Kingdom,1,307.78,2011-10-19 09:18:00,16
16851.0,United Kingdom,3,342.45,2011-12-05 13:32:00,17
17148.0,United Kingdom,1,124.88,2011-10-19 09:59:00,9
17549.0,United Kingdom,2,148.86,2011-11-16 09:59:00,5
17973.0,United Kingdom,1,337.04,2011-10-19 10:34:00,15
15610.0,United Kingdom,1,112.46,2011-10-19 10:36:00,6
14698.0,United Kingdom,5,1250.7600000000014,2011-12-08 12:26:00,148
15468.0,United Kingdom,2,467.51,2011-10-19 13:49:00,24
17824.0,United Kingdom,1,298.40000000000003,2011-10-19 14:14:00,13
12522.0,Germany,2,192.72000000000003,2011-10-31 15:30:00,11
15006.0,United Kingdom,1,502.08999999999975,2011-10-19 15:08:00,121
17350.0,United Kingdom,4,1286.0700000000004,2011-12-01 15:47:00,66
14638.0,United Kingdom,1,443.6,2011-10-20 10:10:00,16
13245.0,United Kingdom,1,430.5,2011-10-20 11:40:00,16
16284.0,United Kingdom,2,823.9699999999999,2011-11-08 16:12:00,87
14484.0,United Kingdom,1,321.92,2011-10-20 14:11:00,14
13897.0,United Kingdom,1,311.15999999999997,2011-10-20 14:30:00,17
16015.0,United Kingdom,3,705.3899999999994,2011-12-06 10:58:00,146
16311.0,United Kingdom,2,616.2599999999999,2011-11-22 08:54:00,35
15740.0,United Kingdom,1,154.88,2011-10-21 14:29:00,9
13471.0,United Kingdom,4,2531.5799999999995,2011-12-08 15:44:00,214
13598.0,United Kingdom,1,180.17000000000004,2011-10-23 14:28:00,33
18005.0,United Kingdom,2,249.7199999999999,2011-12-06 11:51:00,52
15427.0,United Kingdom,3,1483.1400000000006,2011-11-06 14:29:00,233
15022.0,United Kingdom,4,905.0399999999996,2011-11-28 12:35:00,96
17111.0,United Kingdom,1,248.60999999999999,2011-10-23 15:59:00,29
14629.0,United Kingdom,2,959.0100000000004,2011-12-05 16:55:00,133
15592.0,United Kingdom,1,388.5799999999999,2011-10-24 08:59:00,24
15277.0,United Kingdom,1,255.89999999999998,2011-10-24 10:08:00,12
16491.0,United Kingdom,1,731.4999999999999,2011-10-24 10:18:00,39
14764.0,United Kingdom,1,278.3,2011-10-24 11:54:00,6
15142.0,United Kingdom,1,498.73999999999995,2011-10-24 12:51:00,26
17344.0,United Kingdom,1,160.5699999999999,2011-10-24 12:56:00,31
18240.0,United Kingdom,1,422.58000000000004,2011-10-24 13:06:00,6
14474.0,United Kingdom,1,547.66,2011-10-24 13:26:00,29
15844.0,United Kingdom,1,130.74,2011-10-24 15:19:00,11
12398.0,Switzerland,1,1635.6599999999999,2011-10-25 10:27:00,85
16708.0,United Kingdom,1,656.63,2011-10-25 12:20:00,27
15963.0,United Kingdom,2,470.76000000000016,2011-11-20 11:33:00,26
18045.0,United Kingdom,1,189.39999999999998,2011-10-25 13:07:00,43
15158.0,United Kingdom,1,401.4000000000001,2011-10-25 13:53:00,7
13028.0,United Kingdom,2,661.32,2011-11-17 11:10:00,40
13978.0,United Kingdom,2,196.79,2011-11-25 11:36:00,14
12812.0,Japan,1,229.63999999999996,2011-10-26 09:54:00,15
16071.0,United Kingdom,1,326.23999999999995,2011-10-26 11:14:00,21
14539.0,United Kingdom,2,537.4799999999998,2011-11-24 09:50:00,31
14550.0,United Kingdom,2,765.6200000000002,2011-11-29 12:12:00,38
14102.0,United Kingdom,5,1360.2799999999997,2011-12-04 15:38:00,35
14598.0,United Kingdom,1,221.96999999999997,2011-10-26 13:19:00,49
16415.0,United Kingdom,1,210.34999999999994,2011-10-26 13:35:00,45
12448.0,Spain,1,449.45,2011-10-26 13:46:00,22
12827.0,United Kingdom,3,430.15000000000003,2011-12-04 12:17:00,19
16345.0,United Kingdom,1,575.4100000000002,2011-10-26 16:03:00,35
18276.0,United Kingdom,1,335.86,2011-10-27 10:54:00,14
17684.0,United Kingdom,1,239.40999999999997,2011-10-27 11:10:00,15
17878.0,United Kingdom,1,379.45,2011-10-27 11:24:00,26
14752.0,United Kingdom,1,389.64,2011-10-27 11:55:00,5
14971.0,United Kingdom,3,1116.5699999999997,2011-11-04 17:07:00,144
17545.0,United Kingdom,3,645.9599999999998,2011-10-27 14:04:00,122
16513.0,United Kingdom,4,874.5900000000001,2011-12-05 10:18:00,33
16855.0,United Kingdom,2,328.4,2011-11-16 12:03:00,19
16680.0,United Kingdom,1,183.70000000000002,2011-10-27 17:35:00,10
18035.0,United Kingdom,3,730.4000000000003,2011-11-04 12:39:00,44
16648.0,United Kingdom,1,290.65999999999997,2011-10-28 08:58:00,19
18030.0,United Kingdom,2,230.64999999999998,2011-12-05 16:37:00,8
14416.0,United Kingdom,2,490.22,2011-11-17 15:22:00,13
16601.0,United Kingdom,1,244.79999999999995,2011-10-30 11:09:00,29
13278.0,United Kingdom,1,542.7299999999999,2011-10-30 11:49:00,46
16079.0,United Kingdom,3,1352.0,2011-11-23 12:48:00,18
17590.0,United Kingdom,3,1479.2200000000005,2011-12-07 12:55:00,162
15054.0,United Kingdom,2,302.0999999999999,2011-11-27 15:02:00,105
15385.0,United Kingdom,1,316.88,2011-10-30 15:11:00,12
13822.0,United Kingdom,2,631.9999999999999,2011-12-04 12:13:00,90
18067.0,United Kingdom,1,396.3299999999999,2011-10-30 15:58:00,36
16190.0,United Kingdom,1,215.07999999999998,2011-10-30 15:59:00,6
15444.0,United Kingdom,2,1418.260000000001,2011-11-30 17:37:00,191
13607.0,United Kingdom,1,678.0099999999998,2011-10-30 16:17:00,93
12581.0,Germany,1,197.70999999999998,2011-10-31 08:56:00,15
13651.0,United Kingdom,2,94.19999999999999,2011-11-04 14:59:00,6
12588.0,Finland,1,214.9,2011-10-31 15:01:00,10
15977.0,United Kingdom,2,1054.7299999999998,2011-11-22 13:29:00,48
13697.0,United Kingdom,1,151.3,2011-11-01 09:14:00,12
16830.0,United Kingdom,1,325.90999999999997,2011-11-01 11:35:00,23
12491.0,France,1,460.40000000000003,2011-11-01 12:18:00,25
14485.0,United Kingdom,1,165.74999999999997,2011-11-01 12:25:00,44
13868.0,United Kingdom,2,3192.54,2011-12-02 16:32:00,32
16352.0,United Kingdom,2,494.4400000000001,2011-11-22 10:32:00,28
16884.0,United Kingdom,2,429.84,2011-11-02 11:52:00,26
18105.0,United Kingdom,1,113.48,2011-11-02 12:04:00,18
14974.0,United Kingdom,1,114.38999999999999,2011-11-02 13:01:00,17
17947.0,United Kingdom,1,176.68,2011-11-02 13:05:00,9
13271.0,United Kingdom,1,217.37999999999994,2011-11-02 14:31:00,79
17595.0,United Kingdom,2,388.7900000000001,2011-11-27 16:08:00,68
16337.0,United Kingdom,1,151.05,2011-11-03 10:03:00,10
14098.0,United Kingdom,1,147.35000000000002,2011-11-03 10:13:00,21
15551.0,United Kingdom,1,436.0599999999999,2011-11-03 12:37:00,29
16347.0,United Kingdom,2,887.6500000000004,2011-11-28 13:14:00,61
13721.0,United Kingdom,1,524.14,2011-11-03 14:05:00,28
16322.0,United Kingdom,2,326.75,2011-12-08 15:41:00,28
16914.0,United Kingdom,1,208.46000000000004,2011-11-03 15:27:00,25
12544.0,Spain,1,372.7,2011-11-03 16:15:00,19
17221.0,United Kingdom,2,335.12999999999994,2011-12-02 13:35:00,59
17078.0,United Kingdom,2,378.19999999999993,2011-11-03 19:17:00,28
13447.0,United Kingdom,3,1129.1399999999999,2011-11-16 13:38:00,55
18022.0,United Kingdom,1,668.1099999999999,2011-11-04 12:45:00,141
15597.0,United Kingdom,1,324.56999999999994,2011-11-04 13:26:00,22
16887.0,United Kingdom,1,194.88000000000002,2011-11-04 14:07:00,35
14882.0,United Kingdom,2,589.6999999999999,2011-11-13 12:47:00,6
15017.0,United Kingdom,1,125.58000000000001,2011-11-06 10:33:00,20
13532.0,United Kingdom,1,210.30999999999995,2011-11-06 12:25:00,66
16372.0,United Kingdom,2,367.9299999999999,2011-11-06 13:08:00,86
12638.0,Sweden,1,671.69,2011-11-06 13:11:00,39
13040.0,United Kingdom,2,676.9899999999999,2011-12-01 10:38:00,38
15526.0,United Kingdom,2,148.44,2011-11-06 15:04:00,4
15025.0,United Kingdom,1,377.0099999999998,2011-11-06 15:20:00,66
12357.0,Switzerland,1,6207.669999999998,2011-11-06 16:07:00,131
13673.0,United Kingdom,2,396.9200000000001,2011-11-21 12:11:00,47
16070.0,United Kingdom,2,852.1500000000001,2011-11-17 15:50:00,32
13066.0,United Kingdom,2,470.79999999999995,2011-11-15 12:57:00,48
14929.0,United Kingdom,1,223.88,2011-11-07 17:21:00,11
13710.0,United Kingdom,1,180.48,2011-11-08 08:16:00,8
14140.0,United Kingdom,2,935.0499999999997,2011-12-06 09:05:00,60
17219.0,United Kingdom,1,114.22999999999999,2011-11-08 11:25:00,24
15043.0,United Kingdom,1,537.0,2011-11-08 14:26:00,3
18216.0,United Kingdom,1,481.7500000000001,2011-11-08 16:55:00,26
17022.0,United Kingdom,1,71.0,2011-11-08 17:09:00,7
16759.0,United Kingdom,3,789.79,2011-12-02 12:42:00,40
16751.0,United Kingdom,1,1764.72,2011-11-09 10:48:00,24
12893.0,United Kingdom,1,188.13999999999996,2011-11-09 12:34:00,27
14836.0,United Kingdom,3,102.44999999999999,2011-11-29 16:45:00,5
12532.0,France,1,349.83,2011-11-09 13:47:00,16
17038.0,United Kingdom,1,112.40000000000003,2011-11-09 13:50:00,22
12504.0,Germany,2,482.04999999999995,2011-11-21 16:02:00,6
16516.0,United Kingdom,1,101.69999999999999,2011-11-09 14:59:00,6
16953.0,United Kingdom,1,20.8,2011-11-09 15:54:00,1
17461.0,United Kingdom,3,757.4599999999996,2011-11-17 10:21:00,104
15463.0,United Kingdom,1,126.14,2011-11-10 12:57:00,7
17977.0,United Kingdom,1,288.14,2011-11-10 13:28:00,19
14863.0,United Kingdom,1,266.76,2011-11-10 15:04:00,11
16903.0,United Kingdom,1,373.24000000000007,2011-11-10 15:32:00,50
12508.0,France,2,398.27,2011-11-13 15:37:00,57
17502.0,United Kingdom,4,689.0999999999999,2011-11-30 13:13:00,25
14789.0,United Kingdom,1,197.64,2011-11-11 08:59:00,6
15557.0,United Kingdom,1,473.65,2011-11-11 12:46:00,16
15692.0,United Kingdom,1,191.03999999999996,2011-11-11 14:12:00,12
17052.0,United Kingdom,1,413.75000000000006,2011-11-11 14:50:00,72
14661.0,United Kingdom,1,107.95,2011-11-13 11:51:00,4
15654.0,United Kingdom,2,922.5300000000001,2011-11-30 13:08:00,15
13146.0,United Kingdom,1,228.91000000000003,2011-11-13 15:29:00,16
13603.0,United Kingdom,1,164.34000000000003,2011-11-13 15:57:00,27
14382.0,United Kingdom,1,626.0699999999998,2011-11-13 16:18:00,121
16720.0,United Kingdom,1,155.24,2011-11-13 16:22:00,25
14904.0,United Kingdom,2,1025.44,2011-12-07 12:55:00,66
14494.0,United Kingdom,1,139.56,2011-11-14 09:21:00,7
17538.0,United Kingdom,1,98.42,2011-11-14 12:12:00,9
18082.0,United Kingdom,1,703.3699999999997,2011-11-14 12:45:00,62
17793.0,United Kingdom,1,323.03999999999985,2011-11-14 14:24:00,49
17044.0,United Kingdom,1,948.48,2011-11-14 14:28:00,6
14953.0,United Kingdom,1,289.82,2011-11-14 14:59:00,54
15009.0,United Kingdom,3,1261.7800000000002,2011-11-27 13:35:00,148
16423.0,United Kingdom,1,346.12,2011-11-15 09:21:00,18
15758.0,United Kingdom,1,205.25,2011-11-15 10:48:00,9
14714.0,United Kingdom,1,160.19,2011-11-15 13:07:00,10
13449.0,United Kingdom,1,291.88,2011-11-16 08:28:00,19
14385.0,United Kingdom,3,202.11,2011-11-30 15:36:00,13
17680.0,United Kingdom,1,184.40000000000003,2011-11-16 12:42:00,11
17835.0,United Kingdom,3,350.6399999999999,2011-12-07 11:48:00,45
18006.0,United Kingdom,1,444.68,2011-11-16 16:52:00,21
17397.0,United Kingdom,2,696.4100000000001,2011-11-17 14:08:00,88
13828.0,United Kingdom,1,209.49,2011-11-17 16:02:00,15
12445.0,Spain,1,133.4,2011-11-17 18:43:00,4
12391.0,Cyprus,1,460.8899999999997,2011-11-18 12:07:00,92
17301.0,United Kingdom,1,197.63,2011-11-18 13:43:00,59
14793.0,United Kingdom,1,228.99,2011-11-18 14:50:00,14
17650.0,United Kingdom,1,166.08,2011-11-18 14:52:00,8
14881.0,United Kingdom,1,255.40000000000003,2011-11-20 11:06:00,17
16784.0,United Kingdom,1,107.6,2011-11-20 12:20:00,3
14052.0,United Kingdom,1,225.36,2011-11-20 12:30:00,56
17561.0,United Kingdom,1,167.62,2011-11-20 12:53:00,44
15988.0,United Kingdom,1,158.03000000000003,2011-11-20 13:23:00,26
17523.0,United Kingdom,4,652.7400000000001,2011-11-28 13:20:00,25
14860.0,United Kingdom,1,170.32000000000002,2011-11-20 14:17:00,11
17636.0,United Kingdom,1,285.56,2011-11-20 14:40:00,20
13832.0,United Kingdom,1,52.199999999999996,2011-11-20 15:36:00,3
12349.0,Italy,1,1757.55,2011-11-21 09:51:00,73
12795.0,Portugal,1,430.47999999999996,2011-11-21 10:27:00,14
15567.0,United Kingdom,1,186.01000000000002,2011-11-21 10:48:00,7
15857.0,United Kingdom,1,297.0,2011-11-21 12:18:00,14
12984.0,United Kingdom,1,97.5,2011-11-21 12:37:00,4
13739.0,United Kingdom,1,216.9,2011-11-21 13:35:00,3
15274.0,United Kingdom,2,716.5699999999998,2011-12-05 16:57:00,44
17010.0,United Kingdom,1,195.36,2011-11-21 14:49:00,11
15115.0,United Kingdom,1,340.10999999999984,2011-11-21 14:59:00,21
17100.0,United Kingdom,2,971.7399999999998,2011-11-21 16:36:00,65
13403.0,United Kingdom,1,75.0,2011-11-22 08:28:00,3
15877.0,United Kingdom,2,493.2800000000001,2011-12-08 11:53:00,122
14424.0,United Kingdom,1,322.08,2011-11-22 11:48:00,1
17297.0,United Kingdom,1,131.78000000000003,2011-11-22 14:43:00,49
13986.0,United Kingdom,1,320.46,2011-11-22 15:00:00,12
12586.0,Italy,1,196.94000000000005,2011-11-22 16:24:00,11
15634.0,United Kingdom,1,243.55000000000004,2011-11-22 16:28:00,15
16811.0,United Kingdom,2,547.0699999999999,2011-12-05 11:39:00,26
17290.0,United Kingdom,2,525.24,2011-12-06 12:38:00,92
16343.0,United Kingdom,2,370.4799999999999,2011-11-23 17:45:00,29
16482.0,United Kingdom,1,220.61999999999998,2011-11-24 12:33:00,18
17247.0,United Kingdom,1,282.19,2011-11-24 15:21:00,53
17727.0,United Kingdom,1,1060.25,2011-11-24 17:06:00,66
17385.0,United Kingdom,1,261.11000000000007,2011-11-25 11:02:00,42
17232.0,United Kingdom,2,421.52,2011-12-07 12:21:00,30
14946.0,United Kingdom,1,100.9,2011-11-25 13:33:00,3
13256.0,United Kingdom,1,0.0,2011-11-25 15:57:00,1
16024.0,United Kingdom,1,251.23999999999998,2011-11-27 13:26:00,61
14954.0,United Kingdom,1,336.16999999999985,2011-11-27 14:30:00,75
17885.0,United Kingdom,1,190.19000000000008,2011-11-27 14:40:00,50
17852.0,United Kingdom,2,114.33999999999999,2011-11-28 12:36:00,21
13844.0,United Kingdom,1,361.62,2011-11-28 13:21:00,20
12479.0,Germany,1,527.2,2011-11-28 13:26:00,31
17379.0,United Kingdom,1,404.6599999999999,2011-11-28 13:56:00,71
17806.0,United Kingdom,1,546.0400000000001,2011-11-28 14:12:00,43
13188.0,United Kingdom,1,114.60000000000001,2011-11-28 15:28:00,2
13349.0,United Kingdom,1,247.32,2011-11-29 08:07:00,16
15619.0,United Kingdom,1,336.40000000000003,2011-11-29 08:14:00,3
15148.0,United Kingdom,1,301.28999999999996,2011-11-29 08:21:00,20
14601.0,United Kingdom,1,213.95999999999998,2011-11-29 09:48:00,7
15783.0,United Kingdom,1,246.30000000000004,2011-11-29 09:50:00,14
14126.0,United Kingdom,3,706.1300000000001,2011-12-02 11:45:00,14
16479.0,United Kingdom,2,300.83,2011-11-29 13:40:00,35
12953.0,United Kingdom,1,329.85,2011-11-30 09:24:00,17
12966.0,United Kingdom,1,160.18,2011-11-30 12:38:00,10
15060.0,United Kingdom,4,303.0899999999998,2011-12-01 13:47:00,81
17911.0,United Kingdom,1,366.23,2011-11-30 14:52:00,39
14804.0,United Kingdom,1,353.27,2011-12-01 11:20:00,12
15904.0,United Kingdom,1,164.68,2011-12-01 14:50:00,30
16789.0,United Kingdom,1,80.8,2011-12-01 15:12:00,5
12587.0,Finland,1,144.0,2011-12-02 12:47:00,4
13017.0,United Kingdom,1,204.0,2011-12-02 15:53:00,1
17936.0,United Kingdom,1,389.84,2011-12-04 13:32:00,68
16535.0,United Kingdom,1,593.7500000000001,2011-12-04 15:18:00,31
16597.0,United Kingdom,1,90.03999999999999,2011-12-05 15:44:00,7
13790.0,United Kingdom,1,348.8000000000004,2011-12-05 15:48:00,45
14219.0,United Kingdom,1,89.94000000000001,2011-12-05 16:23:00,7
12367.0,Denmark,1,168.9,2011-12-05 16:48:00,11
17914.0,United Kingdom,1,336.42999999999995,2011-12-06 11:58:00,72
16528.0,United Kingdom,1,244.41,2011-12-06 12:45:00,17
12442.0,Spain,1,172.06,2011-12-06 14:22:00,12
12650.0,France,1,314.44,2011-12-06 16:34:00,20
14578.0,United Kingdom,1,168.63000000000002,2011-12-06 17:18:00,24
16000.0,United Kingdom,3,12393.7,2011-12-07 12:17:00,9
15195.0,United Kingdom,1,3861.0,2011-12-07 12:20:00,1
14087.0,United Kingdom,1,194.41999999999996,2011-12-07 12:41:00,61
15520.0,United Kingdom,1,343.49999999999994,2011-12-08 10:58:00,18
13298.0,United Kingdom,1,360.0,2011-12-08 13:11:00,2
14569.0,United Kingdom,1,227.38999999999996,2011-12-08 14:58:00,10
12713.0,Germany,1,848.5500000000001,2011-12-09 12:16:00,38
